image_name,label,split
xwujwWRPeNhQRU8eKC81SMvBDsLquG839.jpg,sad,train
vJzTcQ21bEU9XSKuG8DHzDl3JZRsZo919.jpg,sad,train
48126890461_8d18c7c120_b.jpg,relaxed,train
6186600378_b32c96818c_b.jpg,relaxed,train
4582932335_6ede1e76a4_b.jpg,relaxed,val
8313259080_5e556b6ea8_b.jpg,relaxed,train
8234822994_fe4794afa0_b.jpg,relaxed,train
20Slftr3hH9t9UsVIqRCWAoaURsdps595.jpg,happy,train
39530267740_4f36b5d8ef_b.jpg,relaxed,train
a4DjN9mT8BCRhgJNfqQaHE9Brjt64T185.jpg,sad,train
PFMTJJ167iDGl2yRuhLEOp5Cl8eUYz776.jpg,sad,val
sUTnduonEbXtE9mrhJeQdqP7rF2Rs0187.jpg,angry,val
GeSJFWrpvC4wNmZYwfHqxsnmScapIs698.jpg,angry,val
38526667352_afc22bd8aa_b.jpg,relaxed,train
JIoiqIH0ZCKtuWnqZPtzm80pEybWM831.jpg,happy,train
7827786636_fc0e414cc2_b.jpg,happy,train
A9TnvG95dmcTR3twhaF5MDw3tzwD89507.jpg,happy,train
5582484160_76ce3681c2_b.jpg,happy,val
1XO0BbeilTxjEAu7L1u8rdaJfi280V401.jpg,angry,train
jTmqUHz9vbTH4UxDr2B8WYoCH5r8PO592.jpg,happy,train
hXCuU8Ho1LXQNUOktZWMK7h28pDiiz104.jpg,sad,train
8482998416_b358e5984c_b.jpg,relaxed,val
7360457472_9a98f38e40_b.jpg,relaxed,train
5498165444_f18efed7e3_b.jpg,relaxed,train
NFK7D26SVEk86WcA05fh5R73bSA0rC752.jpg,sad,test
1168400090_e19b74f670_b.jpg,angry,train
eJJFRDb9EamO50JNWB8ZJYIPjNbFnn274.jpg,happy,test
mec0FXzqUnwz4kjxE1q2FUpLOen2fF686.jpg,sad,train
G4mh7ehkxmWhMlQS6T7dNyuEEyBR1p762.jpg,angry,train
UTT8lisNKypK8nKJJnQyGZhK3iCx7Z658.jpg,sad,test
RkMXTiAXwYbCrFtaLdK9zbVEDkwLPe285.jpg,angry,test
8385304001_3dfbf9338d_b.jpg,relaxed,train
LXEPBx3YzB2IJA3GJZTN9jBzwKESLq288.jpg,angry,train
KdKAvRoogVUvOZ6eo80T3WYEJZWbMr942.jpg,sad,train
9364803929_02c4cf4685_b.jpg,relaxed,train
v34NwzMUNoqeiXrOkebgBGaAd8S5Sn866.jpg,sad,test
42621876281_c08b58a6ba_b.jpg,relaxed,train
UpbbYFlBck3Nm18zJpG8qqd5YKQI6d50.jpg,sad,test
GAzOMCGrmx33IkGP76TlsjrFLYtmWw213.jpg,angry,train
3AeYzIVsWqZu5UfGmWWLxhkAZ7Kclg812.jpg,sad,train
4701573281_c03d973d5f_b.jpg,relaxed,train
gb03b66gOZOnzCn0GqYBbpN7CVKfkd995.jpg,angry,train
8DVSkAuaHR1FfaSA8wEijm9DnzPJyp993.jpg,happy,train
h4fUPHyslyWjuBHfBMRwkPM8vbBvDp881.jpg,sad,train
eU5i4dqYOxsGV5Ehej8qHMrSpUvq0L558.jpg,happy,train
CJYDFL04AyIR5OwaeoPU23qtjvncmn920.jpg,angry,train
D8tn1ksgiZ6UsrgKUENO8wtQorupE6408.jpg,sad,train
5nMSUMty8mCwORidzn9cEwmeKJ6UPD825.jpg,happy,train
YuoaS3p08qCnaAiL2d1SHbuiXJAutI456.jpg,sad,train
VA49rWLO0IRAzRvHjqJRVy7CVSfJ2Y313.jpg,angry,train
EVYEp6d7NH0q1exCVanRG4Shrv5KQH527.jpg,sad,train
VSPGvXzamkfSrwdtjMJEjbx9H7gpfp449.jpg,angry,train
RxJvo8ZI7lkNFyfNeo4kYcp91GE1pX461.jpg,angry,train
TKP5tcnBQVwKpSMyTKD9E4B0pxIcmV711.jpg,sad,train
51369694311_8073fac021_b.jpg,relaxed,train
bFcv2Ai52jnrgfzz4goSegjxufJ3LS845.jpg,angry,val
7625897830_cb938759fe_b.jpg,happy,train
7886236606_af25ed1a87_b.jpg,relaxed,train
8290341281_efd9583131_b.jpg,happy,train
NRIssVhCiRj93Qz8n4UiDaZrtzvKZF657.jpg,angry,train
MS8AGnvmV7ZF3ZZrIm4c1ENpqGRXlv330.jpg,angry,train
IVoT25UAubT3CDYYRsL3N9TCjPSo32556.jpg,angry,val
8RhpzoTUq4duwaOSYeVU6QEXhy440t134.jpg,happy,train
jNoopHchLqeUTWOEofH1XnSFmZTKtS241.jpg,happy,train
7746478918_dd372edd4b_b.jpg,happy,train
JGAVjliiDoWKk9JnNGW4kDPxjrBXwY234.jpg,happy,train
MjMMwFN8I8R0NC5uWXkisLgHm9slL7773.jpg,sad,train
3759163564_f000024baa_b.jpg,relaxed,train
8329836567_2dc3fc6f30_b.jpg,happy,train
XiL5OnGXaN7icBLe7Y3GTIecOMKy8z566.jpg,angry,test
cHgZDhJbGeC4mcs9Cd5gHFDs9bRaqa653.jpg,sad,train
zWQdoup3YMKIdqfwc2XM8BXde1M67k5.jpg,sad,train
j2ZvDsgPT36cPO4PZNazjipfEF211K500.jpg,sad,train
6453413397_1d756b7cd5_b.jpg,happy,train
lBoz3o6S9GI3JnjPgiTzlkjRtThvrD726.jpg,sad,train
eWHdUCh9nZTueMYKIq2QZD65qWkp9C826.jpg,sad,train
9582390898_ecc8535775_b.jpg,relaxed,train
36Kug5qOS5wBNeQeMTTboN7Bc2QZKm829.jpg,happy,train
yb8BFChHuXb4Tb9YAy8FhXuK0CcBy6706.jpg,angry,train
4649282497_e77e8940c8_b.jpg,relaxed,train
AOfuZwdyH0sJEkPDPtfDem6XZmK5nm912.jpg,happy,train
JPbHd2hwdZMoUXEMS8tFJF2zYqqL1b707.jpg,sad,train
47786943062_e3132f1924_b.jpg,relaxed,train
7DWm1TsDoPnVymGH8H6TmwrZAv77A4300.jpg,sad,test
n9EScxm5J8iVCAVctD0n8mOU6XDJl4622.jpg,angry,train
6009566946_3416811caa_b.jpg,happy,test
a6pNYdUUDBDHKgUTJoEZf2kx5MU29s564.jpg,happy,train
7691361016_816bbe12e6_b.jpg,relaxed,train
lN90tVPGkwXXjjrENJgCY4G4JvsXbM32.jpg,sad,test
fghX4cldO3C9jai9doQa1ZS7KRz5vK258.jpg,sad,train
5214b6Cu7FT610cVHlk7qVXGnRGqZ0727.jpg,happy,train
8E6fBbm0Na9WYiMUmZhTc2G29z28qA229.jpg,sad,train
bpimj0asziIi8AtjSCxbI4tdwL16Dz173.jpg,angry,train
Ae3OyM6ZsrPJWUYZk6ui9dXcw0G5pu493.jpg,sad,train
HmZcnkYJf7MfXntezjfNAnp3FshJoa605.jpg,angry,train
MwObpB2V6ua63Srao6FjT7RFpCRCrN287.jpg,angry,train
yRiD49Vu65X12yU1cJYmzW8vENU8LI677.jpg,sad,train
Db7nCgo8dPM70sJZpmthagWzTdcKHQ724.jpg,happy,test
zq3lfQmQ0uVWzfl6yymBDVftU5Vqq5680.jpg,sad,test
6387463257_745cb4fd09_b.jpg,happy,test
8179852699_b5c040de0c_b.jpg,happy,train
bTrbzu9OUMGVkOkJp6guarL6X6yd8L9.jpg,happy,train
3433981584_24024eec41_b.jpg,relaxed,train
742903801_afa8c58401_b.jpg,happy,train
9zCJwj46EZ8c1MTuY1jZr9qxJWuSva482.jpg,angry,train
Thh4REs98b36rEq6BNIw9DF2yJ5Gyy874.jpg,angry,train
4dNopnqIhIBr9atZ2tUCxB1TN456nv219.jpg,angry,train
AG5OTKkgKpT5r7I2GMWyqeEcJNzokE451.jpg,sad,train
njofyOLNDDAC4NyRDBXUH0EGuuf4MN176.jpg,sad,train
4148416968_929c21620d_b.jpg,relaxed,train
aIiHEQkqIFNDYy87FraBbZxfM0Hx7p480.jpg,happy,train
2Iz5eQQQQJjcLiEKmOwMrigGdH0Vbx419.jpg,happy,test
H51A1OeLEhLCrhVYbhLzqlR8a12DeP34.jpg,happy,train
vINPaKKMEKPJcsGRZpCZCbQBDWFJWx441.jpg,sad,train
3259704974_088c1994de_b.jpg,relaxed,train
7957967684_39870d2663_b.jpg,relaxed,test
kS1R32bIqTO2QOFbzNJ72UL6Vj8zJx85.jpg,sad,test
42901946401_b357f2120c_b.jpg,relaxed,train
3Pa08LER8WiVBZY63Ul6ZI21gM8xAw207.jpg,sad,train
7026915089_d596c33219_b.jpg,relaxed,train
jatEaJhmgMZYLhEKLqKpKP8UzX7RzJ639.jpg,sad,train
8717597144_0c12449bfa_b.jpg,happy,test
U0BHCmrRSlgBgHYJd8HgBzVaaWAwle1000.jpg,angry,train
8367003794_d312267ec4_b.jpg,happy,train
BbqBihMePpZnhEuLpPhvgMN94ZficP826.jpeg,angry,train
H8OJVlG4VlmwUClITGOflZ7gxgmmm5259.jpg,happy,train
5720608885_12bf101206_b.jpg,relaxed,test
6316538173_4729caa553_b.jpg,happy,train
5399597431_857270dfc7_b.jpg,relaxed,train
5lt2pkq5md94mjcXn0QYSkMsJERoiX512.jpeg,angry,train
ybtj8aSe13qhTS7ATS2WDSdxcsX6Sr980.jpg,angry,train
49198996256_fa893aa9ab_b.jpg,relaxed,val
4805618918_2c2258f202_b.jpg,relaxed,train
GtdSevkf3Kkm19uvEwDFSCYenUc6Hx598.jpg,sad,val
6822644064_1f93728836_b.jpg,relaxed,test
wRm0AK3fIvPgtOi36LBAVJKX5LdaMU917.jpg,angry,train
CEtqt5EfBxm8bzf1yo1yCGYqtq7I7N186.jpg,angry,train
7041615445_c7131b0f7b_b.jpg,relaxed,train
8yWjALqSY1D3jzrvLjeX6dG8NbzuWE770.jpg,sad,val
jpczfPFE0bdSCWALD1aeWV5aiH2l7F654.jpg,sad,train
5xHKSS47dhEN4zBo8oHG3mQQ7XkjBI427.jpg,happy,train
6784947424_168aa3cdc0_b.jpg,happy,test
484253914_2ef8e6be76_b.jpg,relaxed,train
zmAi6ZjC6ParXdqeN27YV8sAeRVWyj586.jpg,sad,train
KYXA8NIcqN2UtgaOgoS92R5XzuC61g67.jpg,angry,train
6300056676_2a62f131fd_b.jpg,happy,train
tUTwULjZiS8CR3eZD8qIzP9q22B1OU104.jpg,angry,val
6271397892_3f5209d655_b.jpg,happy,train
U4BummGxDcZW1gdLbe63lgszDy4We9100.jpg,sad,val
A6pBz1vp2NkqD9x2NNxITtbcOjowOr788.jpg,sad,test
mylidJsSlyOsdiR3bEILn0t0e75bjC1.jpg,angry,train
5opbz8tuQGfHlZpSxtGZlAg4cUW4Ur340.jpg,sad,test
7311559336_d30d432487_b.jpg,happy,test
oRcHe2Gas6rzewd2yq0LKoBS6dl7Xt202.jpg,angry,train
6033075112_a99c749d0d_b.jpg,happy,test
7958804654_852da03015_b.jpg,happy,test
8W0XgDUGyKIGYsGYT9IMtS2OMCSoGn512.jpg,sad,train
8666743672_096b22ff1a_b.jpg,angry,test
8412765508_8b139eac53_b.jpg,relaxed,train
6050405025_66d211b3a6_b.jpg,happy,test
mnefcucfkWdOJsgcsAAEpBlUAhmAAl813.jpg,angry,train
BjtyvOAQj5z7ly4hNDN2i4ZrvjQUcl995.jpg,happy,train
6281761514_dcd6f39fe3_b.jpg,happy,train
JiZmtfVSvueSvEkkfD0AtAzz0fSlpv64.jpg,happy,val
6062817004_296b0d35fb_b.jpg,happy,train
TvTL5jji9USB3ezTJZ1JKpfY7KCRPH780.jpg,sad,train
16709186862_0197f8eee7_b.jpg,angry,train
6781989769_f8b12277e5_b.jpg,happy,train
oyAgWL38BKlMj3v9yYpQVPR7Kcwf2K897.jpg,angry,val
7142352353_ec0b21bc71_b.jpg,relaxed,train
C0N2D9DH1JIuUJIhQT2Cb8m0GCuiL9445.jpg,happy,test
p0PPFNAls8vn8yhXRicmhVz3w0g5mK73.jpg,sad,train
8162338481_a7c8e8247c_b.jpg,relaxed,test
CJPEKInDGiUuV5cXJ5csDhFFAHLjgX941.jpg,sad,train
iwQXJ6SehUmLuFvR8KhkdPpOf7HG3c651.jpg,sad,train
rTz4rQqjm4rYTMRwd6XsyXszXtO0JI473.jpg,sad,train
K1UbZpQgw5pNZHRXYL88qsqj445Rau394.jpg,sad,val
CtgbhgWZDdrtLEtz3miq1WafD773PE317.jpg,angry,test
6855237750_598dd9c038_b.jpg,happy,train
cBKrlyZUJDi1tPSld7Wrzz7JWMBAVz37.jpg,happy,train
J62TVnJEHFeU1FADIVTt4X1qMIrdkh509.jpg,angry,train
6207572805_5574d4c04a_b.jpg,happy,train
ERxhmZRr0VGRmRGuhgGTM5lqSYKUET618.jpg,sad,test
IdSOSdMmeHOa8kQsKYqcx386M6h8d9854.jpg,happy,train
49352557758_e5b2174a85_b.jpg,relaxed,train
yTB3SAzCfmEykiMRH5T8U9N3EfX0pv661.jpg,angry,train
KVJpcj8xM7xkWLBmvqz8QpO2LfiF2T235.jpg,happy,val
6192789397_ac1ef2ba29_b.jpg,happy,train
6tWUQOIhTOP3Bnd0P6uBLatPi9taY3794.jpg,angry,train
LRo8n5yljUbgl1eyzmFVQOncZmURZf510.jpeg,angry,train
w2Fv3fFWLLDrjoLNqBPzdixo1qs4as838.jpg,sad,train
6880570612_6bbdd7bea2_b.jpg,relaxed,train
N23pxrqpznDVviXXLvpXCHyKkAlwXM619.jpg,sad,train
BYEpicjNNIIvPRRKwxkw5Kswpm22s6532.jpg,sad,val
L5H8UxOEZuSt749VZwlRuaDIJtGe6t844.jpg,happy,train
33745660078_2108bd5c9f_b.jpg,angry,train
5965798920_7de5698a6a_b.jpg,relaxed,train
AO5TLT1TPQCndr0dS4N46MqM7lfuWf430.jpg,happy,train
4fjNxozcTnE8uSUYHyJRbVG1jAh8q9789.jpg,angry,train
tF8CgAhwWiGim1kDHj6sqwmRRmECMP999.jpg,sad,train
XPAh2IIVdCqYf8yaaIuO0r6yrXODSk80.jpg,sad,train
39409250392_5d7559799f_b.jpg,relaxed,val
N44c3WdzjlkBjRYCaGdlrp0hhAAULk651.jpg,angry,test
8525619448_c657970bf1_b.jpg,happy,test
WInhBa6dKKqby5aOxZwZXOH7mvEasa125.jpg,angry,train
lTQyak161Cj3Egbt2lJbx8MS5cGxMv55.jpg,angry,train
HQwkA8ZprX08LXa8CVpLR6owb7UuZI605.jpg,sad,train
IJx9QPZmIaPE2TsgEgu2cd5TT6iBlh142.jpg,happy,test
DBNk2pmKvj6vLfHYWMMY3yUogC04g6456.jpg,angry,test
7255001744_65011b90a4_b.jpg,relaxed,test
7523902896_06b3ca1e5e_b.jpg,happy,train
39487999202_1cbc115cf6_b.jpg,relaxed,train
L2o3Z0VtcfGKScaQpRFsaxk229G1XG247.jpg,sad,train
afMY7VQzvaPT4hsUIPJpFFH1GIariw526.jpg,angry,train
OniueuQ8ULc6A4Gm535CMn7H1EvNiD364.jpg,sad,val
8486071927_0156060117_b.jpg,relaxed,test
5259996859_7b1bef36b4_b.jpg,relaxed,test
33867449026_e1fe1cd0e0_b.jpg,angry,train
yKJkU5fQ5JN4LaRLDYdh87PKCce1X4911.jpg,sad,test
1JG6hK4SpWtBZ02lgHdquFtERBHoeU568.jpg,angry,train
8869916973_ce6c890476_b.jpg,happy,train
FKqvQUIpIViWD9xvLxG1cOZZ8v9iJi723.jpg,angry,train
7045460517_3d5886b03a_b.jpg,happy,train
CavDL8nEpQZHKN0iED75JuX2a2Fb7A174.jpg,angry,train
cGzJtaz7DPg8U2xcaPHd3EnIh50nZi691.jpg,angry,train
40697977175_ed8fa09b3e_b.jpg,relaxed,train
37718993801_8d88577310_b.jpg,relaxed,test
fM9ohRy1PwoIX9WiiA72TpPhSBuWDK565.jpg,sad,train
38250017341_f45566d9fe_b.jpg,relaxed,train
GJHmgB9rB3J1KuAXcBkt7BJyaJHW30380.jpg,sad,train
738239914_797a31e3c5_b.jpg,happy,train
9018553240_23326efc00_b.jpg,happy,train
yn26ana7CTsQhHYMNgTaaNF3wkAf5n907.jpg,angry,train
B0A1whGWqHwhV4o43C451yxC5iFwg7900.jpg,happy,test
JCGi0ioboFA6hlc488hh0M7zWGJScV71.jpg,angry,train
uLr8g3EKy1PKa3Yfj8ciLAuEJS2qut780.jpg,angry,train
h57GdFThMDKQa7wTH0MDaX01rqoePr597.jpg,angry,train
8578263368_14d44f183c_b.jpg,happy,train
3993196533_7fa49a8d8c_b.jpg,relaxed,train
UzGOwgMfgovS5NzNd6nSf8FYLgvyej625.jpg,angry,val
798014541_d7dfe69c47_b.jpg,relaxed,train
8197807673_a6cf900614_b.jpg,relaxed,val
HKAuex89267bNtWA9z6eQocDHj8JMP259.jpg,sad,train
820236070_2ab065c006_b.jpg,relaxed,train
51316572357_b9d9a8d619_b.jpg,relaxed,train
k1dZSMBKWTptCYHD6yYgy5on7ASyQm319.jpg,happy,train
GNA3My5eok7B1rxSMSITXkdS32PjfC549.jpg,happy,val
l1r3Sdv0DARcP14i8SABWmA4m0ugPN169.jpg,happy,train
qDbhFhuXvcVLM7fFmJyO6wc2mSJhhZ419.jpg,sad,val
sL5bkHV6R4vdzJSKPD5QmBPxp4iufR469.jpg,angry,val
5396715514_5e85d75837_b.jpg,relaxed,train
Ts1PDtk9aF4GZ9kRI0dUNDmPqUwV6I553.jpg,sad,train
1y1fS58cYhmVko5Dm9DuawUiNwf6Iq695.jpg,angry,test
j4rAqar41Tpyu231PAJ1uA3sToDraV754.jpg,angry,train
h2iFIBrwSjXBcCTcw651QRhuNpa7t1629.jpg,angry,val
DCtPeOu7LcBQrCdpNv3uJRGdZrNexC481.jpg,happy,train
EG6S7teTihA7DpQntQP2kWmCz8LfFN544.jpg,angry,train
TZbLO9eOls7ApVdTNIrCQVXfSItCDR48.jpg,sad,train
7838547528_65c9f94663_b.jpg,relaxed,test
fy82iRLqYnWqokn00yfExaPvgVCEXF882.jpg,angry,train
sZfhG24n0CX3W2J2dVbxxbWYGx5HWT719.jpg,angry,train
e9FX6L0qfjyxblLAp8IqoPe8M9fExW29.jpg,sad,test
5620846039_be12fc235a_b.jpg,happy,test
32221952330_000795d8fe_b.jpg,relaxed,val
f4LCDZNokFIE1rt6dlbPhW5smqvJ9P722.jpg,angry,train
5799096533_d8c4825ac9_b.jpg,happy,train
dyNqFZjZ9R75dBlqvU9MvcjlP5mdS8487.jpg,angry,train
6023295254_7e8329e006_b.jpg,happy,train
9NEHxgZLdI9BavjFw0lrGuwoeEUJh249.jpg,sad,train
8106610074_b32a669d68_b.jpg,happy,train
M9VlDgM74zc4ebnAF5EP79RUTOeVBf217.jpg,angry,train
7952100226_babc7133bc_b.jpg,relaxed,train
oAM8mpl8Lcw6RlpO7hdRGsU7qAsiPD177.jpg,sad,train
uWzGeW8khHGFdOnbP2Dx2vNZHocMw4187.jpg,sad,train
61497212_4e562bcf1c_b.jpg,happy,train
6397254833_3b6a5a2ebb_b.jpg,happy,train
tuzq9xrKK7buri97Z1PezghM6BWeR9254.jpg,angry,train
7035285633_b7bee7341e_b.jpg,relaxed,train
33526147970_ab0b22ab9a_b.jpg,relaxed,train
8905969066_be29e2ff2a_b.jpg,happy,train
90wipLCXJtLA7cnQd6bvmhan5rz0wa450.jpg,angry,val
6423392959_42d383032c_b.jpg,relaxed,val
70660078_cdea2677b9_b.jpg,happy,test
7462580258_2a620cca93_b.jpg,relaxed,train
EcX26TQQkoJQkQQygPIUdvNrAiy1pL521.jpeg,angry,train
NuX2Ot38P2VUDm3TQDYWEWY2KQa5JI829.jpg,angry,train
6302306230_2de0d494d2_b.jpg,relaxed,test
6208104238_b5de2189f4_b.jpg,relaxed,train
0GrVKDw4Z8nWqf3iMC3Q0PcruUz8eL906.jpg,happy,train
WRR6EYOtZpIZB5sZFvdp1fHDapIjtX45.jpg,angry,train
8518825052_4f6b401e30_b.jpg,relaxed,train
4491025897_f55a47022b_b.jpg,relaxed,train
87PgHZO1gUR6BShuNoVPV5q3BT8Qru535.jpg,sad,val
332940168_c1668aa443_b.jpg,relaxed,train
3sdF0e9sA56aGFaxvNUbb6sWqf8aOL178.jpg,sad,train
KwbgjZFyhyFyVsExjlAnzsve5X5IuI668.jpg,angry,train
i8dcQ9P6Gxl8uDkwxR5gFmav85NSsb27.jpg,happy,val
XjpOQFVehq0hbZ4tMEiKNgqowBp1Sj188.jpg,angry,val
8222222483_37467ffbf2_b.jpg,relaxed,val
470110161_0a9e9860ba_b.jpg,relaxed,train
aVXIInHr0jgQzjuXKe7iJqnzE2d0xc258.jpg,angry,train
51123318380_984b393b86_b.jpg,relaxed,test
6N0fVj5unLzUo9FXiSg0OyfOBC5BPD670.jpg,happy,val
gAmsCQGarlpn8LDgrhhABL8EXNL3GM937.jpg,sad,train
8684893545_fb2efc1a15_b.jpg,relaxed,train
7uMdg6xsnkyL4UPlXObnyPY2tqiwXG118.jpg,happy,train
Bgmy6C9TzlMUI5e9VolOCZ5iwPb9Ja908.jpg,angry,test
0vltcJWTxKRV0vXzb1Ij2qqDNSheoD824.jpg,angry,train
LATTp1CcV5vi3ZgCXcTkDDOnq7scFb167.jpg,angry,train
m0C26CQBi1TBpW8KEAk9UWMlRRsjtz888.jpg,angry,train
522554308_a30b0f6694_b.jpg,relaxed,train
8375257_8d118c308b_b.jpg,relaxed,val
tmQUWjCTj3cq5UwwAYH8fEZZmvttsj503.jpg,angry,train
Uv5AYHbST3s0APYONtuPz3bfEbkEjp213.jpg,sad,test
8352337886_0be5d75536_b.jpg,happy,train
4654372968_931909e1b5_b.jpg,relaxed,test
D5PB7m3le4dFhX1azEQSBPXoIcNHJJ42.jpg,angry,train
B2C2VK9nmeAxwsWKhlRl73c6TxEpR5742.jpg,angry,train
49112921277_7a61c85330_b.jpg,relaxed,test
3m1GrLuPiILiokp11Rbb7RlprXskYU983.jpg,happy,train
vaRgxdlPbWxqT5pbmYNn7DEwq9smoc208.jpg,angry,train
IsAuKRbm4V3I85LSRwxYodRIFJVjgo688.jpg,sad,train
70zKm35WFPLrECn5Y5meeTyvLVnCTx610.jpg,happy,train
9387029249_fac7f09616_b.jpg,happy,train
7181818127_e9d2160636_b.jpg,happy,train
3251213874_69e47b7f02_b.jpg,relaxed,train
b5D5ikTrixnRzN2ORGUjuG0WZKEIpV39.jpg,sad,train
nrXYMO8RLDxcdWa2GhZkQnt4rCHmpl346.jpg,angry,val
cv5gvd1BKG2n7qNMzW4AGMDDZAJxgA491.jpg,happy,train
5581480286_a0ca783efa_b.jpg,happy,test
jcIWwDKSZdjloGqZoMAXqHnXENH9aO442.jpg,angry,train
f0aYIGEJDQcynwtXHLpfeLaRiXZcVB709.jpg,happy,val
6822609511_7794e07c65_b.jpg,happy,train
9129793062_2945ac0fc2_b.jpg,relaxed,test
6395406147_68dd53b409_b.jpg,happy,train
6201070585_1c2f27c0c6_b.jpg,happy,test
qtJ1jgFyoWZnowRo0MNAJnkoIi1wcr35.jpg,angry,train
gw8Y2TglimcsITisb7Bofyj7yB7Jcl463.jpg,happy,train
5wxsf4ItHUtmVHksRNOtpGI6JTjRJg894.jpg,sad,train
39695639092_4bf874fef5_b.jpg,relaxed,train
40373904941_fac9c641ac_b.jpg,relaxed,train
8465496694_eaf898eede_b.jpg,happy,test
2ygVh7IsyzAlX8ipws7vRBxA2O6SXv414.jpg,angry,train
ywZ4arwfGRvOwMRgq0359tU7eluGnn873.jpg,sad,train
bdacqDyPFK2Z2s38MkRl2QIBJHhr2n846.jpg,angry,train
kakoSumu68PPsx8NNqbo3HDBzlDcqr161.jpg,angry,train
3939913186_4ded85e010_b.jpg,relaxed,train
5409469994_6051aa63d1_b.jpg,relaxed,train
1OcsRR3ZUdgrGPtVhwXevAKrAqOvKB360.jpg,sad,train
9BqS5VTkIYAyO0VwmjJdwbc5RM3BGz599.jpg,angry,test
LmbrG7xKnA3jlsBgATjDfH54dPU3Q8388.jpg,angry,train
Vnbh4ZAUWlom1zGN7diDMUMb5Un3DA274.jpg,angry,train
fu3AVXubrw4ExzPhm75hwOqtMSVyWz230.jpg,angry,train
eDj2w0zppHlLIzDMhnfEX9CdOwFdE8251.jpg,angry,test
XPYxbht2Ws3dmAteAtaXj5oANAv6qT326.jpg,sad,train
38850697600_2507e1ffb1_b.jpg,relaxed,train
B540jWDSW0TgpseexlRKxeS2UPq7YC488.jpg,sad,val
YRpgB7MbYpY1sUXDJCLjGeeXncMPCW557.jpg,sad,val
6140308664_fc019211da_b.jpg,relaxed,test
0xON5IqZYC18SXfspZXfIrUhFV9dgJ253.jpg,sad,train
41501576980_b61f309ce7_b.jpg,relaxed,val
9jYfw9LIhRk0XbIO7UuJTPt5nfrrmj666.jpg,angry,test
ihH523ZVMuGXFufTuKeFp79QaCFIKT996.jpg,sad,train
d5KoOCJGuuD8qccBHInsjAltuHMkLE282.jpg,sad,train
WLeNA7QF6qTgpYSjRitjGfHZLyf8UV953.jpg,angry,test
aVQnuhbNENGIvLSpEHJsOcteS4nvIc931.jpg,happy,val
HBWugFK2UOKGFSxGdbttlnxUQYVvsj263.jpg,sad,train
8s6VAlt3tFLXW72K2lvY93pE6XS2D5302.jpg,sad,train
gOnQipmI382rjWH9YhRO4nmCd3NYgo287.jpg,sad,train
IKPe6UZ3Do2UlPVNGjcBK4Agh6OGD7719.jpg,sad,val
1MpwUJ9k2oN6BRmFiONKNsoaNeJSph109.jpg,sad,train
7359966638_211e90da89_b.jpg,relaxed,train
YRkRFDpkem8vgwiK7uKN5co5o8jcMq502.jpg,sad,train
4781983342_64734deb98_b.jpg,relaxed,train
Dr2cB0uQAmf3Cmypo7h5VEgFw9DvtD961.jpg,angry,val
N7enifn3yxz9UHRJ8rf6O8NdEvJQT0884.jpg,sad,train
0dfGIzGrUq04sXtbalg1BGGYdDtQry708.jpg,sad,train
50574277_918f0d476c_b.jpg,relaxed,train
ieodRTBcQMt4dazOAvcu53VY5vAKLd14.jpg,angry,train
3585066696_75740f7141_b.jpg,relaxed,val
eTHi3JbiBUtObaNOW1XddvqXwrtaoz81.jpg,sad,train
EnnjJ8vQ1nxjwPhrbQVnZ5fMis99HO266.jpg,angry,train
XR9Q6ZoWWQrLG2Sb2FgFWdq3qOEJ62499.jpg,sad,train
8332588423_854f17ebce_b.jpg,happy,train
hcerZKRmlGS9kqqEu0isqfDus7aC4O579.jpg,angry,train
8303668382_bbde05dd68_b.jpg,relaxed,test
FlfpF6juA9U30WjWmLU1l3i3uiIUXj384.jpg,angry,train
6141112113_a4be6e0d7d_b.jpg,relaxed,val
z8xwVFJXv78M9thwq99tAsI8FOvZl0108.jpg,angry,train
oi5U8LBUWFVqZ8Npb31kkhNTvmm0f219.jpg,angry,val
NN93rmKiYIAOqXwAHPSg0N4DGC6YGg933.jpg,angry,train
HTY9jgBoQqz5uXK7E9XRa9Er4pFU4l89.jpg,happy,val
35192649453_e2a876000e_b.jpg,relaxed,train
7623026172_ee5fc5af84_b.jpg,relaxed,train
59Qg8oEuUUF5b4g96V7ZOVQwBlVhzT867.jpg,sad,test
jsDVZ9P6eKNwvAC3CUJc4cwdG0BsR53.jpg,sad,train
haIZ0kOEP0iNr0w8tXTIULh0PuQHf957.jpg,sad,test
kwkPpUwhijXCeJ3VhnRLbGUPHt0BZg206.jpg,sad,val
3393514995_a736fcd25d_b.jpg,relaxed,train
32322044494_3f2aab113f_b.jpg,relaxed,val
RfUlY5YXfKkMVoaerEhw8Drhg2Jebc346.jpg,sad,train
9387369506_5b432b817d_b.jpg,happy,train
5611950343_4b3eebc566_b.jpg,happy,test
6tjrEh4YUWqA6bqHWq2X4zXmyn8Nu0768.jpg,happy,train
AqDxMVNRrK4UuQslqY76SADrfcF6mD430.jpg,sad,train
0zdKmMEVmO8z6kvHXiTb8bGaqvhmgS278.jpg,sad,train
rEoTUqtN3PFMhRc8zczHODnDH36FY5647.jpg,angry,train
8212810590_f08a787f88_b.jpg,relaxed,train
6QyCa1sJhjHs0BCJA94dwXdEO7GnS3769.jpg,sad,train
xqP44jQtndpPSjiQCxY07bEe5vJLdO779.jpg,angry,train
36185145483_02aa78299b_b.jpg,relaxed,train
8083739732_1ce7cb84cd_b.jpg,relaxed,train
3LkXo6fYAKX6v4Lf43SwpmUPJKsD9N143.jpg,angry,val
4J8aUjud0V8hNRHJLlpQrzTFi1H8eo403.jpg,angry,train
fqMMggKJHqTGcsDXruJYcKOTvIHrz571.jpg,sad,train
clAaflv75Su94593Oii18vJQ4E77W432.jpg,happy,train
qS45jWRkFezm1IXbA6sf1ssreQNyHB492.jpg,angry,train
38630966292_a989989ace_b.jpg,relaxed,train
41552824_f717615480_b.jpg,relaxed,train
963756162_617e8be3ff_b.jpg,relaxed,train
eDk3OdRoUuYzHpuJ0iG5bP008PaZX9291.jpg,sad,train
NWXGbumSUl25d0j1hvnsF7VJl4QF8i869.jpg,sad,train
nN1nWgnV5iQ9yRdmzyrJfxhPWSsHlG476.jpg,sad,train
mut1IUTZNTqrvwT8BcYexo0MK7z9nv600.jpg,sad,train
4615093619_4020dc57c9_b.jpg,relaxed,train
10393521644_3602ef240e_b.jpg,sad,train
jYSyAfgokffGaJJhQbgQR26wKd8aKN975.jpg,angry,train
50995631071_5380157172_b.jpg,relaxed,train
5734415538_e923ee07b3_b.jpg,happy,train
JFil8pECnXn5ZD6Ja5YDM3OMhrtUGs519.jpg,happy,train
49649666371_8962177f72_b.jpg,relaxed,train
4tISc6Xo2LHijUk8PwoRv1xuBXrmfW852.jpg,happy,train
8767602065_db01e7acd1_b.jpg,angry,val
FxnwoJZy08NQ4W5ZlxnVG354BQqWpV525.jpeg,angry,train
36963808524_c1c013f903_b.jpg,relaxed,train
FnkNKvw2lGo8XjPPv4CnIjYefGMW6m40.jpg,angry,test
7597112486_3d252ddbc4_b.jpg,relaxed,train
Sak6D8Gsyd5clN4l8joID46x76Mxiw189.jpg,sad,train
6841308734_9f35a97f00_b.jpg,happy,train
JrL7IlSAgB2fzhI3PpQidC4tWRG6oi949.jpeg,angry,train
7510001400_5c4f456eac_b.jpg,happy,train
8586428417_73420c4c75_b.jpg,relaxed,train
u0XDgOM8VPTPwDNHX7ACpVf25HjMX545.jpg,sad,train
2xfqieE0L7gJyWf1eZemiCmkNqdTJF218.jpg,angry,train
7957977778_fbdf26efb3_b.jpg,relaxed,val
p6Jx2HR4gtKl24iTvwzfuPWQz6VrUM434.jpg,sad,train
bfJiTHhbdUvXcKcWKGrG4Qs89ibPDT258.jpg,happy,test
3921865937_cdfeb454a3_b.jpg,relaxed,train
RszlcZPrtVUnWEdPRd9DfgL0K1MoFv417.jpg,sad,test
5648371301_bbdb6eb5bb_b.jpg,happy,train
la3hd5AcrD0EQHvRUY0a8rQ7NX8k49782.jpg,angry,val
9714317081_b2485c303e_b.jpg,sad,train
5438434275_967552856f_b.jpg,relaxed,train
7996255084_5902d64b7c_b.jpg,happy,train
ibz0F0NUx09nCPQXp8a5PySZLEglg3404.jpg,angry,train
1uhQzgHPPAF1xGTS9fiquWOc3kn3hC887.jpg,angry,train
4647264433_413ce65574_b.jpg,relaxed,val
bZ1xvJo9JZN9pOJIqYWmR3aNptqp2I82.jpg,angry,train
cJvgkLVovsLTLK5XuRBNADTrYU9fO3373.jpg,sad,val
8fD5UJ3oUNs1mQUBwuLoflGp3h7l6H231.jpg,happy,train
9654444355_d1e2527d07_b.jpg,happy,test
7035330153_a83ddf7d72_b.jpg,relaxed,train
Vg9O8ZnhxS34vA6mEeOV1cWINFqFNU705.jpg,sad,train
mPcqBOEm4m5hONK2YopLGR6SXuzG76516.jpg,sad,train
3wuVwmFaisxd32cQ3l0I3AOi8gyKTa496.jpg,angry,train
aOcNbsPvnpKiXfFqxrip4U3Xs1AwWv137.jpg,happy,train
hQ1YuFFRO4kf9n8aAheVd8wHsxwooC201.jpg,angry,train
8740030610_1a80f5ce05_b.jpg,happy,train
5697542168_a5ed60eebd_b.jpg,happy,test
HMXVutGlzp6RojvNIYKxzju3Mg6Wni297.jpg,happy,train
YlayTdCbHgfNC1kTAnqhLoIc2GHD3i301.jpg,sad,val
3AWb03npjQq2CcIFlhIeP71fTncsib407.jpg,happy,train
51131970504_8e84b1f627_b.jpg,relaxed,test
kFMtG3gVpcfsstjsBy0WmFlcUfFOkP684.jpg,angry,train
5984237503_1ef4a25770_b.jpg,relaxed,val
Af0Ucd59cnJBoXELeSgfAuro7bN3U3676.jpg,angry,train
v9LF2Ysd5ROSrrz3sah0hIWnGPi0Pk545.jpg,sad,train
4iSzRO6JdoJ8jZZ7KBI1ACzV8t01tV662.jpg,happy,val
u4Yhd3wzWBNkh5hh2fP0bLO81vyfib212.jpg,angry,train
BnAZpKqWIYQ3sd8uAkDHkMLGEd00tY758.jpg,angry,train
eq6ZNQY05INrq0hNrRPnRPGpLsCFs7211.jpg,sad,val
9288173582_a5319122bc_b.jpg,relaxed,train
vhZ6G3WGU0qrhnGf5hxeNl3EZxoXg6712.jpg,angry,train
VrRIoUQZITqCMhttYCj9c0dnQ12Yme918.jpg,angry,train
3551415764_f2c39f0f08_b.jpg,relaxed,train
8714505233_d07e609d16_b.jpg,relaxed,val
w7FGGYMvFpGMJm1oPKqyXjdMCXj4R5347.jpg,angry,train
KdJO6fNBFmNNA3eomOwKp9bwNGxj9w191.jpg,angry,train
F2tgTLYepkXRo4cEAJefamYeUQ8Wqa15.jpg,angry,train
ApDyEllkBPNcR01Dl6FAvDFHKo8N2K353.jpg,angry,train
9078265227_e8f02b28bc_b.jpg,relaxed,train
olIIj12ooHL4GA3a4OK61VkdqjbC3U83.jpg,sad,train
6832633255_50e06d24c5_b.jpg,happy,train
6052371014_777235bd31_b.jpg,relaxed,train
4001095865_f37151f562_b.jpg,relaxed,val
hoZuqiTsxNPjfYHMjc38dZKAAulzJn915.jpg,sad,train
4616355468_feee35b753_b.jpg,relaxed,train
cwZKCv79BncVGMfEOSKnDDWouKD3D9215.jpg,sad,train
7877858588_809d5bbc10_b.jpg,happy,test
chjlVSphDsGh4nd2aZmnL9nSPCw5G0141.jpg,sad,train
6213497414_5f0e77df32_b.jpg,happy,train
DfV0tkNRYYEjqbcaQiPZgSnWHpmdGx173.jpg,sad,train
3389936666_d506d93bd4_b.jpg,relaxed,train
3235532916_d5c94bfe4e_b.jpg,relaxed,train
5332132100_335842675a_b.jpg,relaxed,train
5751623380_5b0dae4211_b.jpg,happy,train
bOobKTMMZOORNwilcfcUQ77w9K1Izl130.jpg,angry,train
koSj1WdlMb8TDIZY17yPdMkeW7K70F999.jpg,angry,train
9426077524_095b73cb3d_b.jpg,happy,train
uLKzfnAOmyVFiluOjmNQ8jTlsCeUos559.jpg,angry,test
xyVGiONHvdzDwQVCD8Me0mEYRHtJHf284.jpg,angry,train
518698468_73d9fe2749_b.jpg,relaxed,train
1Rrc95i0R7xsjSQszhHQeH97EfdGMy728.jpg,angry,val
6013369382_cfd688410a_b.jpg,happy,test
6606710751_f72652dfe9_b.jpg,relaxed,test
6801264228_3929812b5c_b.jpg,relaxed,test
wciZiRznqCYPiOv1rGgOn65yzbCesP684.jpg,sad,train
8v0xww6RKpigLZzrC3jXumHbhqSmEn318.jpg,sad,train
QAapmNL7cp1EKtX8cITSKO08is9vk7527.jpg,angry,val
6763650393_79babd17c8_b.jpg,happy,train
6114341532_8f3055bfa0_b.jpg,happy,train
8528918372_7a8cabe9c7_b.jpg,relaxed,test
3906510393_c241d1d2b0_b.jpg,relaxed,train
k8OI9nxrbvWz74REktYIogjf18AEzh248.jpg,sad,train
6788991574_7795e9319f_b.jpg,relaxed,train
861793731_bf40ab688a_b.jpg,relaxed,train
yjKBF6AHJo8lyZMUkM9mZOzdIAbLCC769.jpg,angry,train
5923069106_cc0f53a443_b.jpg,relaxed,test
g51wlvlhaBVeIJtieeJon4P5Iygenq184.jpg,sad,train
8509759247_eaea34cfd3_b.jpg,happy,train
ExYnCrV7nkcgvtiJeK7zfNIBWntPYw218.jpg,happy,val
9996721536_1e6ecd0b49_b.jpg,happy,train
1fPFLE95xqiOtLo6ocFtzbmjm7kdnJ448.jpg,sad,test
4RGuQ7cHPHjhfS6oBwm0l3WjQKVvOG849.jpeg,angry,train
dZqVUx2df1fhJHafuk0ziBwgUVCi6X703.jpg,angry,train
fGH6HIXKpmzF8uN7uPt1YH3ZcgMKCh122.jpg,angry,train
8748968845_ac7ee956b4_b.jpg,relaxed,test
5565698758_ab8deb7b3e_b.jpg,happy,val
8419952779_4b74699782_b.jpg,relaxed,train
3217155384_260f4695c6_b.jpg,relaxed,train
xfNvlt1rXEQLy4wRyWvEraCzzpPy4O641.jpg,angry,train
9860023075_734ee50e30_b.jpg,happy,train
31852501345_5894a6d079_b.jpg,relaxed,train
8446182422_abcfbdc0d9_b.jpg,relaxed,train
xVRDernRwguXEejAbEF2NWmH6bYxXD650.jpg,sad,train
8320472031_9461ee7192_b.jpg,happy,train
33200587866_e0a606aee6_b.jpg,relaxed,test
AavszulmGRVBNYllRKfPKRUxSCXSi5438.jpg,sad,test
51098679479_e386e1908c_b.jpg,relaxed,train
1oOkLp7ujiuPVoX2KXS0oaTdSOwnNN145.jpg,sad,train
68064855_3acb7bdb2f_b.jpg,happy,train
UnhuKgz4g8p5Qcnr2nrotqSvoir8zy977.jpg,sad,val
5987998087_23d8c1e581_b.jpg,happy,train
8828066712_44b72a5778_b.jpg,relaxed,val
J8w3lLc8zxRevKD4PyoCJiidY9VclK547.jpg,angry,train
32506416995_364d236a19_b.jpg,relaxed,train
FoVAkAez51FucfgKxjAz9EjlbuzO9h162.jpg,sad,train
szrBAYN3XDR9U5sQNUynbNoGeD2U0h950.jpg,sad,train
7496489382_14cedcbaaa_b.jpg,happy,train
6411602355_41e121f5b9_b.jpg,happy,test
5699710931_ed6ba2d009_b.jpg,happy,train
ABPEJFtXGWB54MhL3qUs3Vc5QYb7Mj971.jpg,angry,train
6739385607_1e444df0e6_b.jpg,happy,train
8BONuBX0LENSxwiccDpjDIzqyQlvBW402.jpg,happy,test
5559170346_a344d99276_b.jpg,happy,train
6D3p7J4ZR38JN90ChoyMi8TDFSuqNK787.jpg,angry,val
HJQfnyS2rRhtgmd9IVZH6vO6Ow3iZo181.jpg,sad,val
dBBoU1SnCgqbwo8LHH2qlGkWdh2W0C514.jpeg,angry,test
Vfgx3iccASZjKr11otBCeb91g8z79i645.jpg,sad,train
Ze4D3OUhL2HPcIWUFzoGsph2LgjaWa761.jpg,sad,train
43452749941_f3d9eab6ae_b.jpg,relaxed,train
8686738552_d8698c4bbc_b.jpg,happy,val
oVlX1lByNn4jzSRXj0uvuqP4DPvXXQ487.jpg,sad,train
441042529_4f47cb17ec_b.jpg,relaxed,val
5569106958_ab401aa68e_b.jpg,relaxed,val
3940622909_1d5a6f39bd_b.jpg,relaxed,train
txMNb7HbR0lHnXlTYYZ8yaDTkvPyde624.jpg,sad,train
L8K8tWJudCYKirD9EQ3pivu5akDfXo235.jpg,sad,test
radzJvrR3GcU2hz5hyem0lwHbcaFVA132.jpg,angry,train
GJujyEsSO1dFpRJwAnl5KOYx6aNokE755.jpg,angry,test
5975695814_abeb204b1e_b.jpg,relaxed,train
7200839248_998244468d_b.jpg,happy,test
W6szsEWsHONaqKMO59FqWhcaQcWePf402.jpg,angry,test
8375849296_48b1e3e64f_b.jpg,happy,train
6eemuNmJaqN6TCq0HC4brqdnGzc7jf377.jpg,sad,train
w5KR0bYKfk7bihYoPlLAzM1Vyp1i3O928.jpg,angry,train
1rtKfsXhuqXt28uEPA59oZbuqvMmli87.jpg,happy,train
kSWNyj5ijWQPZTrq9T62NvGzVzeeTb570.jpg,happy,train
n49IhKigkTpDYEH4YKi6jIcioUA6ox497.jpg,sad,val
8358645395_c5f5ebe30f_b.jpg,happy,train
8728920366_81d09477fc_b.jpg,relaxed,train
4822356585_87cf27057e_b.jpg,relaxed,train
4413866647_848331eeee_b.jpg,relaxed,test
9087335902_7cf99417ce_b.jpg,relaxed,train
jyKJEF1MI4rjvIPLnrkNyIlhNfE7GX630.jpg,sad,train
32994908354_54e38ffec5_b.jpg,relaxed,train
N7c88IU6b9NZC6J27ZEnVDFyhSSSYd594.jpg,angry,train
Z9n57TXbgIRlqZtgFtfER9VreTdUAx442.jpg,sad,test
rMZ0C5FntYg4FWlFJzc7EEOsYKYtYj34.jpg,sad,train
6801615705_5d1a70484a_b.jpg,relaxed,train
vi2KMlx8l8J0sAa9ho88Uz4h1QZKl5431.jpg,sad,train
VOcqzOfxcJ71IlQWaqkK2XVfZNlwG7968.jpg,angry,train
suKHRb8E5gG79nFyQ1o6lrDv8AfJlm183.jpg,sad,train
t5pMgy42s2Ovm9WPo4i2tVIc6UcO7618.jpg,angry,test
vo9T8u6ODsRf2rrHEb3YqT1ckqql1n915.jpg,angry,train
33326692715_b3dea1d023_b.jpg,relaxed,train
6RyQpaqkSMstVkKe3qE9MQylMjWqaE858.jpg,sad,train
NODesMupLoXIR8UTjXsuNWkMuA2PwX588.jpg,sad,test
6185369176_3fdc0b606e_b.jpg,happy,train
VsofIAJaqCbAp0aViGcSmFqe2wzK3k256.jpg,sad,train
6qEiLxBY0ZQTZNoPWUi5NUshKCIlAp584.jpg,happy,train
egyI9YWXJ80Ecc1sYeTwCT1JGwQWjl351.jpg,happy,train
8004549754_0a08bdb439_b.jpg,relaxed,test
bHfMkkdoywXDlTXBYXBw68gsRZSEOF805.jpg,happy,train
bj0LweImTBd4rkJuT1VLPl3DkARrbM398.jpg,happy,train
BmKEP5MczyTASA4R0QyzodFTk1tAkY367.jpg,sad,test
6986448712_11cd50115a_b.jpg,happy,train
fupWZI7CJkmojhLlCGDgrObE9oPT9c413.jpg,sad,train
8646284311_d1b6d5daba_b.jpg,happy,train
GTxM6Gp5PAwWfYTbMivVBV0Oi95fP9154.jpg,angry,val
50980017937_e24b3e5527_b.jpg,relaxed,train
6746001651_a74978817a_b.jpg,relaxed,test
9588455497_dc12190bef_b.jpg,happy,train
8115774440_dae8a73366_b.jpg,relaxed,train
db6VVOoOJcqtyzVuC5hOJ9LecTuWPR689.jpg,sad,train
4944747120_110d4deef5_b.jpg,relaxed,train
423449772_12997b61a8_b.jpg,relaxed,train
s4hMbbkxfS1NUAe2RSoRB2ChrhpkNH31.jpg,sad,train
3527118099_1b4d33ed3f_b.jpg,relaxed,train
iGrVUU8D5GDQKlHIEXhoOIOLBzNMIQ534.jpg,sad,test
B8pgET6n0KoWwc9Dj8PaM2Jjv5siEu619.jpg,angry,train
ZrNf0mzNNmj4ll07mFyA1bWvhes1Ge835.jpg,sad,train
T5sr9X6iEHlhPz9nNv48KR7Y7IqWhR662.jpg,angry,train
5702534796_77b09bb2b0_b.jpg,happy,test
7525656758_b5ac917b60_b.jpg,happy,train
5S5HSdFIdJG1nZSKKyJOfh9L7VBYNX498.jpg,happy,train
4421067230_261c77d054_b.jpg,relaxed,train
689948320_4de314b22e_b.jpg,relaxed,test
abgSFa6kJMeITYOUFkwqI5oP6bQOha760.jpg,sad,train
jjI69h8iPYnxI68HmN8oFXgHH81Y9h737.jpg,happy,test
aZP6kMx3UnP5mrtGRzrYWB4oKjw9Gm772.jpg,angry,test
b8w3vdGawLN0g7eTgRZL40w3fu6YCn575.jpg,sad,train
3rJXI5mWSEfDcxMzqXwbtWuT4YrmD3511.jpg,sad,train
GJPO15yVhfpRlKldjSQSgVCqyHnFDU562.jpg,angry,train
E4fgvkgCpSaeOI0O78sePnwhLOc6N8715.jpg,happy,train
js5DZXWC5Lg6KSdbzWrW8v0hJWgycy488.jpg,angry,test
Cvb3wf29tjoxP00UmAWRcLsQOfUhXs11.jpg,happy,train
jwPtk4Zoh7Z8BpcdCMGyuMstUberUd472.jpg,happy,train
dpWamsmIHFCb76LNMu6c84LHyzf12q374.jpg,sad,train
3729033104_db5c420c93_b.jpg,relaxed,train
LmbSuuYiWTU8QGTf0cZzYUliWNNBTI351.jpg,angry,train
ay2NcVoAYz5ePsOqRWhhpSsNGBdD8Z810.jpg,happy,train
uT7VERbBQJ4nxCfYBp8fB52PI5JuwV170.jpg,sad,train
CGrOOP8FYqWDOYwRpaXkzN5k08UO6C649.jpg,happy,train
5786647585_2356974e20_b.jpg,happy,val
ay0of4axfvDWPZRnPcgkPa9bxP2KWC137.jpg,sad,train
HR5fTaH8jRZsZM5VwyCO85W3jodjx654.jpg,happy,test
40059825295_629c566943_b.jpg,relaxed,train
GCWJlidfcNDWF2HUDnOG16yVTPo6G997.jpg,angry,test
LeiiO67gmmkKbrd6gEzojpt9qaqA7K64.jpg,angry,test
nkmSRjhSclnUIdMYtdfiBnWBasw4q2486.jpg,angry,train
8351230081_95d9313d1a_b.jpg,happy,train
jCW6RDb5XV58zq32mXua6M16s8n6l3712.jpg,happy,train
8603614699_d8cd49e6c1_b.jpg,relaxed,train
j7jEOYdIKCfZi4KmxPrfivRQ8tXvRE212.jpg,sad,train
38703931431_0cf9988531_b.jpg,relaxed,train
3qnxVgf3GQjABK8iGeZu8eE1CGU5eH645.jpg,angry,train
5933686181_2fe27fa1ef_b.jpg,relaxed,train
AtGGzJsy16AMNe8DqoFLYCZ2mKEnHi632.jpg,sad,train
DUpYIeze1zoLQQXNiLY01vAA4oZiGk570.jpg,angry,test
7260610956_cc1d85dbf7_b.jpg,relaxed,val
0Hfjz709BJ6iqkTcw7kPlmKGSvSQFH465.jpg,sad,train
BdeMsaiUCia76h2li74fl7Rz7pyfqP679.jpg,happy,train
kwu52jWCxMzyEwBRb1XwstrVKknaEy223.jpg,sad,test
MG2i1T55PAvx83L6kn82yHhKp95kHe239.jpg,sad,train
6035423803_55071fea11_b.jpg,happy,train
8838953995_d921cb2ac6_b.jpg,happy,train
4774014387_dee2cbd126_b.jpg,relaxed,train
cKx5X559OwECoaslfQipmiZawerGbf821.jpg,angry,train
9583112893_23ca41c4c2_b.jpg,relaxed,test
lHQyXVQlymyyO60PJfQPNz7v0OrztJ405.jpg,sad,train
8668236162_9bd6f14199_b.jpg,happy,train
5b6Ov57T6qJkTe77v9CugHCMfyyguD740.jpg,angry,val
7941799950_df3559e1c3_b.jpg,relaxed,train
9JwZibFgSggPxbVzJkVZCkZSc7nP6E630.jpg,happy,train
gNxbJ9LIyFIYqLzus2KpSRsWOBr4uC824.jpg,sad,train
fVhgnbGScwQTk94ysYl3exlUuEOSza536.jpg,happy,train
k1S0U1LbZWXYlB1GHWbYkEiStilsoU958.jpg,happy,train
40635426862_84f1f85181_b.jpg,relaxed,train
e2h60hUIevLBZDEPydebOpACiTleYZ668.jpg,sad,train
k16iOQoLyPrFSxmky7B1xmxmiI3AkO724.jpg,angry,train
hUlPSA9KBiMeaxBxJWvOYLaWJ85h9j897.jpg,sad,train
Mx4EDRz6LYH0u81L5je5KEuMIWLAHy361.jpg,sad,train
XPwHpbICLYEoyLDrpXVmMC9ilr4xoi750.jpg,angry,val
9741253641_a9c5969301_b.jpg,relaxed,train
GtVxh65SnG0PyvyhER2TERHhsQo8xq38.jpg,happy,train
hymvuAwdFO97NToGilTAWXHhaFEN43398.jpg,sad,val
8348933020_83aeae9d6a_b.jpg,happy,test
6919178278_551c69cdb4_b.jpg,relaxed,train
2IukSIQn4FnHZ14wUvJQOFgzoFJoQp644.jpg,happy,train
5505452276_9cd500748a_b.jpg,relaxed,train
ErvqSYoYFbHSmn0AmX8VJHi8Xj2d3w636.jpg,angry,val
ehzdQ5wyOKDFsxjQWGQYhAisROKEnn518.jpeg,angry,val
WhjMiY53OB9r5C6GVW2N0HoRMn1yPT797.jpg,sad,train
PLTIGx3pVmY8szy7jRILC8gV2yQAVb128.jpg,angry,train
7921727118_aef3fdde20_b.jpg,happy,train
Ab1HTQPHxLzGiNmNnmbNWaYHXw7qvQ905.jpg,happy,train
8Ma3FMlUeuUv1cdwS96mtUh7hMdLvo581.jpg,happy,test
33672199933_0ec13951bb_b.jpg,relaxed,val
5635053323_b4fe721a71_b.jpg,happy,train
jl5mEL9sB8AMdlg4sp8YgDUbdM7Ho3564.jpg,angry,train
0biYFWF4fFWJOTHpD1ONSknqtHvLsS70.jpg,sad,train
c1tVljKiLM9q2zTBuQGWpxmzBuSeBR437.jpg,sad,train
M4ZT4NQ1azPbVtO9fatw8Qd5NDLbVr988.jpg,angry,test
kOJnhYvzhnRY6K0R6phvBDhaV4j242513.jpg,sad,train
LpiSiomHa9KgHkejEVeFouF7ot1Q9Z425.jpg,sad,train
5749300388_727dcc1f14_b.jpg,happy,test
cXlwdZZidT3rRWoWvuUSuihkHj3PRn696.jpg,sad,train
lzoDlkpullDtX3nM08f8nF2YqZM08O747.jpg,angry,test
5697633407_3b748eeda0_b.jpg,happy,train
3wiJwic2aFT4j2RuABa8ileidGoV86448.jpg,happy,train
N3AVp3NicuV9j3QhfMr1JTyKC4KSKl569.jpg,angry,train
ncehb7wwWkODJW9oKHUDyzOxVmld8I558.jpg,angry,train
BlXphnJeH2tidA8U5NhWGny96Bse1s59.jpg,sad,train
Ov9tosvYBQPyI69xNqqBY3fzwdJxhy448.jpg,angry,train
kEPYsJIrXJM1FxVP0HM1B8CjL4w4Fu466.jpg,angry,train
ErP9pH5l3EKavvAeALJxpYuDdSb9pO25.jpg,happy,test
CJ6ZSc7fmjPyhf2v3m6jd1WzLUUK68184.jpg,angry,val
46530607341_0cb693d989_b.jpg,relaxed,train
IBCgHXk1LNM3OQYuBKzG1uu9Ali3Wd885.jpg,happy,train
EDmyBUh3pqjNO2NsFqSX5uZoQdFKcv190.jpg,sad,train
8331580246_1d9786b1c2_b.jpg,happy,test
U6JOQZjXdY9qmrsrD3fEyTzyC84ANf570.jpg,sad,train
7176422155_ff6332a1cb_b.jpg,happy,train
gaLXGwIAXd3BChK0yw0IsPrtbFQg0n289.jpg,sad,train
5875429809_9b7f11b9c1_b.jpg,happy,test
7YCicwXiFDNXLwbXC2eXGbhiLQjIwL10.jpg,sad,train
8jerXmoBezUczQYHJjn7dcLb4ZQ2X6122.jpg,sad,val
6154112881_bd886c4879_b.jpg,happy,train
8600930713_ea479dc0f0_b.jpg,happy,train
511826398_9e8e382002_b.jpg,relaxed,train
0PPeVm7pGU66bzzdxPecScgcCkguMc608.jpg,sad,val
475355041_6bf45dbd55_b.jpg,relaxed,train
865383928_ee18c0ae14_b.jpg,happy,train
8505725954_aa3df3187b_b.jpg,happy,val
42279989184_cb82a7cdd8_b.jpg,relaxed,train
T8EynEk90h4UYU9OHhIO4mCLys4jUM846.jpg,sad,test
NWLYfKe2fvpXXYyrpIAgOhF12Jwykm519.jpeg,angry,val
FHys93yfgj66zIDyCYYnWKLxOu02ks721.jpg,sad,val
7365055300_d1b74b6c57_b.jpg,relaxed,test
09dUVMcjCDfOtbeYDQg5Fvu3GPHWJg811.jpg,angry,train
roW4E8fFo5E2ivjgUzsla0SYjbXsNe38.jpg,sad,train
5860113026_5e67d2cdff_b.jpg,happy,train
v3IOhN1jprCKoSDsaLwWPJJ9IBL9yj306.jpg,sad,train
qsEYuVrv1xyrKeD1NkgTVvv4Qhmw98506.jpg,sad,train
JjDliGwNn9aIfIV4HRPRosmNCWdGr5946.jpg,sad,train
1iqfegoIrN8DnFWVzQwNAL2Nzi2r3f174.jpg,sad,train
DOmjof3ST9DvaIDxpG2bPI6oQj2RF5454.jpg,angry,train
8220822535_75d8e00047_b.jpg,relaxed,train
5755423649_a33d06bae2_b.jpg,relaxed,test
5557697030_e9a35d15b4_b.jpg,relaxed,train
8384977873_899560e965_b.jpg,relaxed,train
eNCpJJJyB4PX8HCBlmMA0JevyhdkTh110.jpg,happy,train
QOMqpwiV1mmoIaGyHMVvL2fhQKdaWZ909.jpg,angry,test
oY7Xx2TpMZmhgYX0QFJzwTB3oMH5bL236.jpg,sad,train
10107489634_e3cb096477_b.jpg,sad,train
9842795456_66731ec542_b.jpg,happy,train
b3avIrjGsN1ROEAisS6KZdRNCHHkBP96.jpg,angry,train
Emy48dWRcLSQhMH3xLgIKoulAfLAE9795.jpg,angry,val
5817233332_8c0d175fc3_b.jpg,happy,test
9883584014_2c90b9f9e4_b.jpg,happy,train
7382246922_5b8688e3fe_b.jpg,happy,val
5652092302_0f2a1d4bcd_b.jpg,happy,train
5638763753_1598ac061a_b.jpg,relaxed,val
SdVF9YHVt7ItVeZb3cSuae2LYiHJky262.jpg,sad,test
RUU3ouDj2c7UZK3JlBqoiOZEZ8dl2j177.jpg,angry,train
42504640432_1613ee860b_b.jpg,relaxed,test
jcTsbBSv0k0gY9vFt8EiUin857AuBl426.jpg,angry,val
6796962532_085408b8de_b.jpg,happy,train
CIwxozISNr3K3B5FoWh0NuvEXqKnZ1711.jpg,angry,train
jnGqIdwHWDmPH4xvZbuk7TQ5Az3CjS475.jpg,happy,val
imkF0gu1mv0sGyw8vQZrd7karzrB78368.jpg,happy,train
ZdzWMHQjnxWqq6bj71r5pe78H6nff7616.jpg,angry,train
Vma0iLrkKUdNMljYpPOMZQEITbUBuk176.jpg,angry,test
ZpYp8GWZpA2gCsgrAiRhWHJkRkh4zr162.jpg,angry,train
VUFaznFnylt36a1LOl5nRFsbpB1Sux973.jpg,angry,train
me2uQQEwDxkhQreh8bmVDbSi8V4zlB135.jpg,sad,train
tB7N1MAFUFDDf901FYch6F39IMLP12293.jpg,angry,test
7179867104_fde177bc91_b.jpg,happy,test
oMfMvAWquphrmVwSqZD12y4KrpXtE1107.jpg,sad,train
8711368354_34f9c4788f_b.jpg,happy,test
knnhGda96NLgeyONTxqaEs1KXKh36r687.jpg,angry,test
35299885300_8456f0a8b0_b.jpg,relaxed,val
HyPmw7efJEhfaNcfxAVEmwmCjV8vwj739.jpg,angry,train
7110251849_b7411652cd_b.jpg,happy,train
zupPn3v2Zn8o0DQX53gUN5HDMcr0VY706.jpg,sad,train
7336452448_19ff6bebbe_b.jpg,relaxed,train
Jzvc2i5QiMAJjP2gVzs6H0vzczIoEc617.jpg,angry,train
6acQN0bwIUELPunt1Iqx8RbY2mbXuh514.jpg,happy,train
HuPi0xQvEbnOfAEJPZpk8BSeb1nss8190.jpg,angry,train
d97REkwfNrOAxflPNsqdNA86QfOl2Q27.jpg,sad,train
4968833517_47649d2955_b.jpg,relaxed,train
Gf3p3O7aXSWdl3F4W3iKOmBySQ26mS949.jpg,sad,test
sD5PNN4beDm6NN9JetARojehFgec5V377.jpg,angry,train
6503338597_d17277beea_b.jpg,relaxed,train
qG1JvHgQ6gGRvD6T8sLSTsXGJKRSFf21.jpg,angry,train
50822070351_e38efba478_b.jpg,relaxed,val
73386378_465609e540_b.jpg,happy,val
BTspthcy3EOiLL9Ocy7Nwqjx37kciK964.jpg,sad,test
6076628419_1ee924596f_b.jpg,happy,train
9376260933_025f4453dc_b.jpg,happy,train
Z7ZmLopnOZICYejEAsvJwUs0Hp5MPw704.jpg,sad,train
8125752358_a16d8d0a35_b.jpg,happy,train
vG0SkA2Tz6Npqf3Kps8mY0GmoqibO1118.jpg,angry,val
MqN5Aag6Uu7ot4hU6ia6zTMAkob8W1152.jpg,sad,val
dOCMMotpbR9DoDoDCnCNlEWlLhensl913.jpg,angry,train
7yiauWVuKaxWtIVAe9yKgvXMuxEipN320.jpg,sad,val
TIMUuXJSF4ki13XTuoS4r6nyvzFfat292.jpg,angry,train
M4cXEcZVU1sI8EDQt2c0SOozZvNt0J50.jpg,angry,test
DLBo5AN0ESJS70e0GWa1p1S7rWfm8t104.jpg,happy,train
XsFmX7mYUKsPSHKEFBE4CDYBtKp837631.jpg,sad,train
97566995_cffa27e34c_b.jpg,happy,train
i4YlVFe9aZniaR6zDRLrFVN2lDRPQt896.jpg,sad,train
8904888336_7cdd207018_b.jpg,happy,train
9231477650_4f733729cb_b.jpg,relaxed,train
6s1xCH6WkJevU2YuNdue5i7NrO1dEH587.jpg,angry,test
fEj34TUiCCjKo7rTtyLx8nhftP47X7190.jpg,happy,train
WtEu5rzVrV2N98TJKOOpBDmagZhWYR81.jpg,angry,train
50805188_474d96a26b_b.jpg,relaxed,train
KGmyc91gEP4EGhmL3L3SSyUcFxHeBw298.jpg,happy,train
9609131728_411c0fd7e5_b.jpg,relaxed,test
Y0MOo8PtlZha1dQdu3SzL61CxFGnNl163.jpg,sad,train
myiqCHrjgpNoFkt0n7Up5FxEXTO1r4420.jpg,angry,train
cdxiReBIQgLC8IhTeeLFkaQoQ33Kr4287.jpg,happy,val
5462670556_8eaf8bd6cf_b.jpg,relaxed,train
91q4M5ioiqmTZ5xnBBH8tqdnrMyzVX226.jpg,happy,train
E2aRldzZscxwwywfBDqSI4gZan2h9X642.jpg,angry,train
FtyDE88wAzjJpO0k7HWNj85kfu8QqA937.jpg,happy,val
tWfoLsTp94nSOo9wroTeWN0ExvBWib909.jpg,sad,train
F8cNsHyO2seqabyhKdU9f5qMjYvMQo336.jpg,happy,test
PBZbcTiVPTmXUr9eWX2WsnXzvQbcDt432.jpg,angry,train
6879251064_9560fc4746_b.jpg,happy,train
7458086976_f690ec577c_b.jpg,relaxed,val
cj727mXSA0Eetuin9HmrYyN64hOjq2817.jpg,angry,train
LRg3BbSvwI1brnQBRXw6VfMe3DOoD8207.jpg,angry,train
7653104926_b172a2fc23_b.jpg,relaxed,val
KgPPiZ4aTx5pgrq8WCc0FRhrSmDmLg453.jpg,sad,train
6283758534_6b87fba093_b.jpg,happy,test
E0ifYHUzor2NCut7zy5A4jeMIUFULV792.jpg,angry,test
IbU0qnVlUS156y9KhdFk18h6ve1ILr906.jpg,angry,train
X1NEDZhPz07Qn638mP7TXqV1WQXb6S51.jpg,angry,train
6147061560_d66668a5d1_b.jpg,relaxed,test
37873451561_9e3c2be59a_b.jpg,relaxed,val
48648766638_43df256153_b.jpg,relaxed,test
DAS9wKLcQp9D7BZRDNAw8Fu6EbZUxX321.jpg,happy,test
QnbrNsyOAA7lOyKosNYf6bC05zcaMP220.jpg,sad,train
5418450433_b2b7de5410_b.jpg,relaxed,train
5411427527_fa1945cbf7_b.jpg,relaxed,train
CCVZs814zIwGdu7F5HvXTSwgQ1zi7N158.jpg,angry,train
nHGf1iUb6xSoTCNkZBdEmuMMdIDZpQ808.jpg,sad,val
9407594862_e332a7d82c_b.jpg,happy,train
AVMOVakJD7hi4tC5ccSJs7fmcYjSS8760.jpg,happy,train
7165174101_18355a03a9_b.jpg,relaxed,train
38644963056_c84b552619_b.jpg,relaxed,test
omb1aHeMJwPcRzHhkHdWlnUZZVL4ey352.jpg,angry,train
GrYIsLAxnvGlce02aFLIOSppMJXSjY222.jpg,sad,train
jMQ3P0Syku2WvWuvuSGk8CInIE7qmd116.jpg,happy,train
Fi9fl8nGrojqjAzgipkQ3uJKBPJ9zI682.jpg,angry,train
6039706400_3c036e4429_b.jpg,happy,train
M8gJyHDr7ZDfFceHHrPneiqkYt9vEL252.jpg,angry,test
0nhvFJW7Q5S48PygRMOimUipiYweig911.jpg,angry,train
7760696306_e42324c02d_b.jpg,relaxed,train
3OiYOaEPwcmGmGpdXMd4EUXMDyC4eA115.jpg,sad,train
7546544926_f5668ca094_b.jpg,relaxed,train
3823200771_c456d73b94_b.jpg,relaxed,train
6994109729_b77d776c7d_b.jpg,relaxed,train
7IkoHnxYuLvi5rE88kbhyO7sosvspf961.jpg,sad,train
CR7eRMtbZIYRTTFI2BBfQqQwQIe3pd16.jpg,happy,train
2nBcJrbC9A4h7SOnKhetMkHbYuZzQ8929.jpg,happy,val
vd8sgWWJQNvLTVgKeRteKlXY4TV6Wk325.jpg,sad,train
8071075073_b682ec7449_b.jpg,relaxed,train
VCiKOzuao1aIzXyGnCTqO68fihqXab822.jpg,angry,train
6300056020_346f4f3dfd_b.jpg,happy,train
zRlfLp3Zs92JK96pjNpo00TcAdhc0c581.jpeg,angry,train
36656807390_f735954bf1_b.jpg,relaxed,train
BkHI403V3CIP1GSpTFMRh66IhZ2P8i554.jpg,sad,test
7412206290_25473b53a4_b.jpg,relaxed,train
5zLuXJ0NFDvtFu31P74V6Q8JhQbIZX639.jpg,angry,train
2tkW5QsTS7t7jKlF9nMrKfAIbSkAe3490.jpg,angry,train
lbpy9rriCijpPDFsHIEEIscEJnlOy4634.jpg,sad,train
4O0eBLoXpWl9jWBufOpZNwW2JLhu3A199.jpg,happy,train
IsfgeMl6OWZYuWNjATaDYoAYEeY2d3159.jpg,sad,val
5516883634_b52de7fe35_b.jpg,relaxed,train
490oQOCe9kVpDxktwsLxSazxFLcl5v571.jpg,sad,train
1IRXdTCcJO8H4W7NCbVAS6cPoHRP2Z831.jpg,angry,train
454225217_a3b0d7ecb9_b.jpg,relaxed,train
9024552761_2565f70307_b.jpg,happy,train
RITrUhI7ECqlVNuzJWG0S68HjUxNA8679.jpg,angry,train
32785850294_4e449dd682_b.jpg,relaxed,train
V5nPnbgGf96u3VjyxVTYrsANLVYhxX406.jpg,angry,train
7256424318_42c0800764_b.jpg,relaxed,train
nL0pSfFjBl2z6G95Il9FZFi4fh6CL7982.jpg,sad,train
5947457588_d46b915c89_b.jpg,relaxed,train
HNqkNeWvMk7fRONq8ArbtrvuIuxreS770.jpg,happy,train
ai4u74vDeUXtd3yf5EKDORYcKj1qR2783.jpg,happy,val
9549602651_717665874e_b.jpg,happy,train
f1T32lfGDrTigSr86ID3PAlDudTkIt22.jpg,sad,train
4GbTNlAl1DErsXUawxXzK8Gkb62SLb530.jpg,happy,val
5690346249_871f3fe3f4_b.jpg,relaxed,train
y1tgPkgUv200omIlDmBp1PS7dOeogb584.jpg,angry,test
n39cMIF2NMMBNtvzMC0WtsUsMquij7297.jpg,sad,val
47YKL14v8VMMtP1xBv0IWJwhLTnkpE93.jpg,angry,train
35557248643_259570542e_b.jpg,relaxed,val
5422865423_533e275f83_b.jpg,relaxed,train
32732446667_5871dfb858_b.jpg,relaxed,train
6959269681_c9bbb82afc_b.jpg,happy,train
iYWYCT9UFWVLidSH8cHAh6mFBfaTLi188.jpg,sad,train
1Utns729zOhE2nUIHDPWEbVKz98uaW11.jpg,angry,test
S42zVN8RfVnrrmTQG2nCUMBentMuXZ407.jpg,sad,train
hZlejWTVRjnC0QRybZ6wGKLDpbw364869.jpg,happy,train
XIn5RJb1i2w9IILHsWKeLpvQyejB4Z155.jpg,sad,train
suyQd1norto1dp6zyOi2rMbERXZpHj764.jpg,sad,test
P3E3vHkjvSKHvKmeLc6caivNAVDyHR744.jpg,angry,train
ljpAcCygAOWIaJgAuYBRUjpj9S3Smj573.jpg,sad,train
nTR6iV4LFTQLwY0mFSpNbDuEbEpBGo446.jpg,angry,train
qBA0qTF60M9vR0UNboHKurpAQVbldY577.jpg,sad,test
GsbMrTIaMiHWHZDcEhIo2aJKHjItEO577.jpg,angry,train
fZUDQjdXoMWaPLjC61kTFqugmz8AQ4428.jpg,happy,train
GKIF1FEefsB00f2E8VZ14HcFocUTz299.jpg,happy,train
Rfmk57rUdTEHgS8seJ47u3WYWK7JjB223.jpg,angry,test
9cwsljcV9ub5XTiJk3ZB2d9j5grPkb13.jpg,sad,train
2qn0xIS8aqy5jyew88WAPwvUGOASAU782.jpg,sad,train
xxYNhfbAJSls2p1JRrreEz518Wwx1Q963.jpg,angry,train
d0mvFDwVTMcB8yaKwdUIdcx4W86pMN294.jpg,sad,train
oW7WWzaXGAMYSIovIcQSeYQgdeeEpV742.jpg,sad,train
MuZw7ibShZWeu7JiOSwwo1hE1uK4Xu335.jpg,sad,train
E37LqZG2SLu2PShfci1j1AFjp6eyeb121.jpg,sad,test
3gNqRVAOOxGGxL64hG2fXa2apwIDio797.jpg,angry,train
bLFd0rDadis0vuNQRryRrogzzbj9ZF877.jpg,sad,train
8436827744_6e433c8c02_b.jpg,relaxed,train
6067060138_2c65d8410c_b.jpg,relaxed,val
vH64OuK3EYl0mdsMzLceV0xFFEUiOb595.jpg,sad,train
yl4IJhjV8DZsiZJbpaCT0WxSXz3On7852.jpg,sad,train
defQaN918bkJmECP23aDZgtKdR8KnJ268.jpg,happy,val
NwEkx8YM49JoCw64ViR1vA6jzyRYYu262.jpg,angry,train
1qoRBbSqCqsTt0UgKLu8KQ66ASgVbC371.jpg,happy,val
5870441074_4341102a9e_b.jpg,happy,train
BYgeqhx5Wt4Y31qtwpzTwfl09GahEB735.jpg,happy,train
5558723869_802c32a50a_b.jpg,relaxed,train
mPpGxdBNWUNW5iuy81Zamz0QKBe0Pn674.jpg,angry,train
B4eMEkRxyHeDS0KxZoPbIwVpRSaEAc663.jpg,angry,train
9770881951_c88a491a2e_b.jpg,sad,train
jImmg2whus7Z4Ix5zLnEvAZisHaBMr935.jpg,angry,test
Rj3d2g77Ihy0jCQnX9LRbtCm98OfDg480.jpg,angry,train
31997199948_718d7b6ce0_b.jpg,relaxed,train
e8981ZVuecJhc6umS4QxioYTHZp0ad938.jpg,sad,train
K7pjwPi0ArZKUKOSOaC9xxOGGIDJbe979.jpg,happy,val
rc69hkwnX1MTPSEgygPfBwr8SjDfPO758.jpg,sad,train
39310780205_a56b968cde_b.jpg,relaxed,test
nueUu84yk4xGNrprlKuraSRq1Tnj1I146.jpg,angry,train
HXYVOCyucLWhjnCdopE98h3bMEWgNB459.jpg,sad,train
4507676122_343f6d6e51_b.jpg,relaxed,train
F1smQL3YcScO8Ja74mUbAkgsFCVQb3725.jpg,angry,test
sEmljmMQ7ETv0I9FcOLTbYbUEXj2NW735.jpg,sad,val
8440929973_c99b3b6cc8_b.jpg,relaxed,train
4684907742_16e7505dfc_b.jpg,relaxed,train
351289359_a6460ed020_b.jpg,relaxed,val
8540209935_43e4cba527_b.jpg,relaxed,train
6394166369_751027ca4a_b.jpg,relaxed,train
b6GWZkhnsBkj2BHJRJiqb0kq9wqQKq634.jpg,angry,test
3194358415_cc4e0d184a_b.jpg,relaxed,train
FeimAEimqzeKpKBkwVX20Th0uiuhWE304.jpg,sad,test
bf4J9U1GphPID6C1PxuodJ3BLj4dsR232.jpg,happy,train
YVaRwhhILO63p4TmfwXUqgpPU3kiCy560.jpg,angry,test
Ji4DGTbHOLs5UXPkM998BqUO4Gez8T645.jpg,happy,train
6kL4vJy02u5QEhUou0QkQf0D2GwyoZ76.jpg,sad,train
Aa3pfO9DZBSeZ4SyJarg7O2BrePNnP192.jpg,happy,test
HSPEVKMKhuemgVA3VWlF1G1kuZdhCZ291.jpg,angry,train
36652438993_322b39d38f_b.jpg,relaxed,val
qNCyvTxceCDveHXiUxnQTIkwthVzaE12.jpg,sad,val
05fRy39hx2kiC09SbErKww536WBPym179.jpg,happy,train
TdAwPdsJ5n54we1uZGUlcPME73RJiV752.jpg,angry,train
Ooex03stheot7z1RkyUFf9TzmlZw1E600.jpg,angry,train
509631654_4067a9953c_b.jpg,relaxed,train
3VzPeF7oMtbNgUbxsoFqrlrVzEZ8AS751.jpg,sad,val
fuIBGx4gaBSJqinlHCsD0nSCnPWWPm973.jpg,sad,train
8543998685_8f9ec3d22c_b.jpg,relaxed,test
4504305385_f3850fcb74_b.jpg,relaxed,train
ccCqSdQOaSlZg7pIol6YTQmRzz4EGV690.jpg,sad,train
JfClYrxPVck8QRFGTSQp2onyXvuFJV933.jpg,happy,train
9i80Cw3Zv8xRP4Xqd816jrl64rruzV83.jpg,angry,train
FiAHDcnSoKLJXYn3lPhVc1xT9J0qzU740.jpg,sad,train
6581431147_3fa098c3f6_b.jpg,happy,train
LUJxTLz9XDGv5gk59SsID20HCxtrhD574.jpeg,angry,test
r3ZeCwQmk62HZB47I2VxvxDic29fuN520.jpg,angry,train
N73GS8BjZtZY9idAGDFjZTWhbPImWP564.jpg,sad,train
5725125273_014c08f8e0_b.jpg,happy,train
BQnXQeK1ruRqjYf0VzvnXsFR6Huz0G478.jpg,angry,val
bWNuPbdHjy08sUMXeOfahHX8Rq8p6k292.jpg,sad,val
Qs0OIJGiTpis5JiC39NWXhXobIBYf5626.jpg,angry,train
lGGKX86F4HiZ8Sqo2Z96tD7haue30X944.jpg,angry,train
4234678749_12e27c624d_b.jpg,relaxed,train
8409188814_49d0bf0dfc_b.jpg,relaxed,train
UDr9CEd2MJQd8gNurHjGb7BC09NCIF369.jpg,angry,train
8036509996_1744e4b1cb_b.jpg,relaxed,test
8690379185_a9d4bdb48f_b.jpg,happy,train
5846094564_98eb148ca9_b.jpg,happy,test
9311402058_1fa4c275f7_b.jpg,relaxed,val
4bzTknCpzIwJDHXTsG7ZDPfMNOu4rs355.jpg,angry,test
49792780587_65f4c68d45_b.jpg,relaxed,val
374311527_9bb4d9cf3f_b.jpg,relaxed,train
8754373131_2261c2782d_b.jpg,sad,val
8OzgLYpezlMrLozYVROlmgBnB0avnW19.jpg,sad,train
bOOgSCIDoZOH5vieEjD1O1sN30geJ5400.jpg,angry,train
Mr86u8LtBug9xyHck2y6wAmffxXZub770.jpg,angry,train
9705748282_50c7a0c9eb_b.jpg,happy,train
XvECSkWZ1lNkWDqQIj6gDGkZjZ0VV133.jpg,angry,train
8588612259_8db72f9c32_b.jpg,relaxed,train
Vgmy4ajh2KuZqcyLnU0A8ikp95rW8v886.jpg,sad,train
Nm7u75qiMcsbP8M27TLPMS3Ryn89uV89.jpg,sad,train
Q9Djcu53nPK8C4zXGWpCxpkl4LQPJ8831.jpg,sad,train
FMQy4YxwcOaXLWG8p1rTiIpNlmxhvB439.jpg,sad,train
cRm9if1oRkEGJ1dYmm9zN2D9qNcT1R650.jpg,angry,test
vWFAYPqPNFpHC7YTFA6LXL0Eeihaus468.jpg,angry,train
wrZRwIHtNcFse2W06KhsbYHrV1PSLo182.jpg,angry,train
NZ37fAIhUL2A3hogdlCg5CHO3LoBUr962.jpg,angry,train
0QOjgke4W3T5RCaJE6h08yzYHHzPXE809.jpg,sad,train
YtPh35V62VIVEtGjycJvjfYsqSoF1d741.jpg,angry,train
pwYsUK4xOXqk7o8Ah0I6FnKA0o4DmQ49.jpg,angry,train
jOmOXeHZCAJBKuBmYsTM4LKrGkjoTt511.jpg,happy,test
aJ2nd54h1gMKHsWYZDnecTssTL8WFM289.jpg,angry,train
7930801942_9263aed7dd_b.jpg,relaxed,train
6643793507_184d63daf7_b.jpg,happy,test
6903967095_f1c8902db6_b.jpg,relaxed,train
7033393237_d7f1e59e71_b.jpg,relaxed,test
Zp93ND3JJY6pPgBrl2yW49bVi3krW374.jpg,angry,val
ed4QZAil6U779pL3ZndRNLvqxF2gMU890.jpg,happy,train
N1tCByCeHkRvMiECUoUelkZULbo4Aq359.jpg,angry,val
7461722202_cc1cf2353f_b.jpg,happy,test
JBdBrzwCRN9xFqyiHu9YfcOKf1GliG108.jpg,sad,val
7028769259_7018966627_b.jpg,relaxed,train
35010650332_3d47d72f80_b.jpg,relaxed,train
P703tjXIsYh3xFHJGkSj8eymp39GYh738.jpg,angry,train
39772787204_e6742cb953_b.jpg,relaxed,val
OTBmc6iRINl04pG3mOfsqMRn1Lo10F993.jpg,sad,train
8326810475_6bb158367c_b.jpg,happy,val
FhDTKzyOzcMLk7VpYPv2v7OwprZiiP275.jpg,happy,train
tS7FGy2QcgQZEFdhNXbklld0vlpEd9228.jpg,angry,train
q6XjIxoV6dYFnSmnOP0VWoEfuGSSDb411.jpg,angry,train
4389786184_1cf073e986_b.jpg,relaxed,train
Zpp4TmQe1gA9Caf7X9EERt5musvG7P410.jpg,sad,train
9581206309_8083b03d34_b.jpg,relaxed,test
8156589680_996e3a758f_b.jpg,happy,train
3121681696_958588be2e_b.jpg,angry,train
not0SOJJfnyTdx2SHF18npVzWWUhXJ64.jpg,sad,train
ZiaoMZ8e6EA5Yq8PceZNXl895NAP3z48.jpg,angry,train
LPfpJ2nYrB1PWzNaQwXAi092SjJrLP428.jpg,sad,train
UBd0pqHUIjtIYuIG2axYocrh7wL2ND479.jpg,angry,train
hHOH5b65m8DZDxvec0ybRoIDxTkL1i216.jpg,happy,val
7069461511_e5e8fbc351_b.jpg,relaxed,train
3664821855_1ffa37dd9d_b.jpg,relaxed,train
45106112992_c5d1d156b8_b.jpg,relaxed,val
qSmpDOxRWfpjhmeeOObnNQZ4h8V0Y9814.jpg,sad,train
c1NVTRzZ2WxKfl3gbmiv2Gmkxoq28d182.jpg,sad,train
6009549230_c4cf87bf99_b.jpg,happy,val
hYmKfVXVdpnCyHqRxMBYNn6KBfQ4fp46.jpg,happy,val
6125866991_a4e412f3de_b.jpg,happy,train
51414435859_b53f26bcf8_b.jpg,relaxed,train
jqWf2cUjn0TTehtHSGoDRGW0KdEW3t406.jpg,sad,test
hHNEyUsoNuM5zk6XXNRrKXCWAqFz7o547.jpg,happy,train
8083249562_b6d69b580e_b.jpg,relaxed,test
8725641431_5a33e44a3d_b.jpg,happy,train
5823331550_1c9178ee42_b.jpg,happy,train
pJgIKdWDfcNG2HBoYsUCXLraStdgnj484.jpg,sad,test
I6TuW0T9aUC4JatzxBlhsXtMVYGxLS754.jpg,happy,train
51793505947_852ab2974e_b.jpg,relaxed,train
MYNMewIt4bbI4Bs9CfhPCRImBMtGKu179.jpg,sad,test
IaZNjdt2ZEe0Sx0N94hr9u5h1OlsuP641.jpg,sad,val
eXeETeO594Rhqaxdi29u8NF9f9Cfe1112.jpg,happy,train
AXR01uZbTHeE3gnQIrqbp1YBC1ntcB261.jpg,sad,train
BqUvjm2nfyDzMM7UvjazMxytbttPsH105.jpg,sad,train
53wxLAtzCi6tStNQrSPP6WVaOyjbwq738.jpg,sad,train
6680785061_b6f7f637f1_b.jpg,relaxed,val
8659594887_b262677d47_b.jpg,happy,train
50027932026_5097fc7a4d_b.jpg,relaxed,train
6733980767_39a66e885f_b.jpg,happy,train
8ELb7W2YC77I0mFzbewnNK3zaBY0RA671.jpg,sad,train
wdMgTeCEd9xXGtmt3xWyT8H1oc3tKl143.jpg,sad,test
48845673423_48257201e0_b.jpg,relaxed,val
XOoHpmb6Q2wEey9DaMrw5F1KjmtHOm820.jpg,angry,train
zprylxI1cruAXcJ3bTSqXnhcKDqKyK644.jpg,angry,train
4cvq5ubpKqbXKUJM7CnMDyYGsSgpdJ305.jpg,happy,train
7L54zMucb11XnIhQ8VBtfI6FM4BadW219.jpg,sad,train
6967789825_c425b4dd2a_b.jpg,happy,train
7523172622_46601e0c15_b.jpg,relaxed,val
CDhGC09FlzKD7BmbUEj3tng0dl5mU2140.jpg,angry,val
q9MxchlWg3TSpOjtlE6fr4kKjjygOn875.jpg,sad,train
3PgtS7bC8dlPTH5e1Yg4S0FWIhAbCo788.jpg,angry,train
3405722891_ffaab96a13_b.jpg,relaxed,test
5774939318_b61025fc6a_b.jpg,relaxed,train
wmBPuvkbCAQiCTR6ntjNql4graPrwS486.jpg,sad,train
6087568714_f8d84e4b0e_b.jpg,happy,train
uMIqVk5ABsNETHGm1NH7osEEhHcfDN713.jpg,angry,train
35322428672_e6dd1ab3aa_b.jpg,relaxed,train
ge8SU4nXSyVHwemJ0mG4l9PiFFxTAV872.jpg,happy,train
5884705703_e9c57c4a0e_b.jpg,happy,val
7162232276_296bedee12_b.jpg,happy,val
AZZk5GS38x5Rv9fyMQYEIYT9GMwxr8793.jpg,happy,val
dozVdjIfQWqnJwt4VKKF9t0ZWs9Qan148.jpg,sad,train
32836683672_4a110fc62f_b.jpg,relaxed,train
nzIX8yxGKIBYtcAlJr0fcM4JrM491j253.jpg,angry,train
gYQcHTenchc3oTlifa9nG4IF6mFJDK376.jpg,sad,test
poNqUy71WDAkK34R2SgyeiNeHNesOY546.jpg,sad,train
1Aq4mqVzaUweEhMaLKOTViQ79CbBLJ874.jpg,happy,train
5903003803_7c35b9ef79_b.jpg,happy,val
bGbkY0dgheq5OqP6Vn8Vu6n7sXLWBI877.jpg,angry,train
37899420512_c05de3cdcb_b.jpg,relaxed,train
sgG7C44WqJlj8u3v1y6yHzLv7xCYNs333.jpg,sad,train
7100883413_a95d718cf2_b.jpg,relaxed,train
8493444179_605fb0b758_b.jpg,relaxed,train
ucJwlXTNW9wqcy1lw7CqcBqvcFnrOB551.jpg,sad,val
8235594761_85b60a5ba2_b.jpg,happy,train
cornd6fNzFft8bjGZdpRkKJzarn93L16.jpg,angry,train
zAJThxv4xB8uvZeCdqKJNYIJvRoRMN744.jpg,sad,val
mUoOCMQZ2iUvZb1DfRCyrV1btKpInQ180.jpg,angry,train
6108121588_74e4697dcf_b.jpg,happy,train
VjmM0UaV0i378TYFKajcccUbRIkz3y976.jpg,sad,val
s0ZhOsWc6KkrwUx2y7Ftbqgki0ZU2U308.jpg,angry,train
36424098665_84c13130e0_b.jpg,relaxed,train
joy70N9dfu59D0HLnBwMBhDyV6c14l908.jpg,sad,train
iHR4eQU8OV2MzWmbt6xsgIHLCDpxzN467.jpg,happy,train
nKJnRR5pPiXNYXnZNoCtrDHsU3OgxT952.jpg,sad,train
7zV2bvZ50SBWfUpcQXlJugGEhAtBu3748.jpg,sad,test
5674064337_db0b116c81_b.jpg,happy,val
ccCoA1HljHXP8bjgzgMPuZjJDb2lb8683.jpg,angry,train
8111758832_31497ed9c8_b.jpg,happy,train
nPrDukZ7BukSzg53pZ9hg8MRmR9ByD816.jpg,angry,test
fW7hHtzs2KMjOhXSYbVpUBVEmNycLs198.jpg,angry,val
oRsSoxSP3uuYEDQ3SuD3MmXHtAObLF494.jpg,angry,train
Cz1IlTvI4eOWNd8LxuT5ROcFIK5vaH206.jpg,angry,train
8c7g9hekZsZP4qpZLDuY1q8sdVHZuj397.jpg,happy,train
6012899291_53df285f7c_b.jpg,relaxed,train
bJSEMg6E6kWbdfi1LvxplLkGFy2wVw202.jpg,sad,train
4810588_0e5bf68b4e_b.jpg,relaxed,train
6Zo107gXuP3Qz2xodu13Xm7UlljNW2892.jpg,angry,test
4715312177_f0157e4326_b.jpg,relaxed,train
5JAKJ0hkO1wT4lBKmFP85fwDRV4vVf757.jpg,happy,val
7786696640_90088e34f0_b.jpg,relaxed,train
Y1kzAlBllxhUTMM8sr8KnsJphJgbnv498.jpg,sad,train
8230431318_0c09edf774_b.jpg,relaxed,val
44262010934_1bbae7f266_b.jpg,relaxed,train
LhMue7C04hS016B1SsDON8uMCz6hp1504.jpg,angry,train
34865641545_0eb945fef7_b.jpg,relaxed,val
EOgrE73E1WwuJSkLeJxTvdZGLNKZA5254.jpg,happy,train
xXDXKk0TmvVVlmXdpYYXUQnuoKdNOz205.jpg,sad,test
BuGU1DjSx0SSNfrAndEUgo65CqFeR9860.jpg,happy,train
DJT5DBDdSOLc1Hj1w1k9OWt8YUoLdU269.jpg,happy,train
hH3xcILLBRGrG88Go7FmchfT2r2IPR327.jpg,angry,train
91Fn1jlrN0vyFA8moaWLnUZYWQx1uj169.jpg,angry,train
6111594222_8d69205afb_b.jpg,happy,val
6156642039_5da2e07c5d_b.jpg,happy,train
534185509_591912b799_b.jpg,relaxed,train
5731089447_f5b06039fc_b.jpg,happy,test
e7okFxbmroHy41C7M2ls5T6eqhti3D682.jpg,sad,train
1dndVMGjpetphxG6rVVempH947atN9743.jpg,angry,train
8557833404_79c222440f_b.jpg,relaxed,train
6305807928_d74bb31d03_b.jpg,relaxed,train
botc9mtXbiJvTzCIVuO2sfXwsMLl35985.jpg,happy,test
rYt8pBdQcMzBw2Qd46YRPzzK8rUO5n602.jpg,angry,train
JF9u3IEVwFl3487TnJlxtODwxjHpZH337.jpg,angry,train
42063821331_308151a04e_b.jpg,relaxed,train
KXQT21nw4o9K1E1wrfFdsmbMHrXQr9467.jpg,angry,test
5810318783_56253423d6_b.jpg,happy,train
5547351965_2053a0dc3d_b.jpg,angry,train
ErpETv00Y7pwxNeDD1KkeJ6j06wuMh241.jpg,angry,train
7983236451_0bd893faab_b.jpg,relaxed,test
8316932908_98170f7abe_b.jpg,relaxed,train
34618503005_3bd6f2d235_b.jpg,relaxed,train
TKreU8AL0f24rr5NVHBVXHpR9ly4UC592.jpg,sad,test
6784527963_f8fbcf5c0d_b.jpg,happy,train
xGbMMSGF25uJDfvUI5R0hyDCZtTPog582.jpg,angry,train
mReCDmBT3yDedO2o671WkIAQLtUUFr812.jpg,angry,train
qZgEuB6P9pNz1jQK6uC2ctuUMta4EE481.jpg,sad,train
51227555551_5162142fa4_b.jpg,relaxed,train
7475216214_8c3372f614_b.jpg,happy,train
7ISRaqPMl08QqVnt7BeHfjJ6DFjt3H615.jpg,sad,train
9y1g95NMgQyqnmlNMwuetq8ve0Sgbl609.jpg,sad,train
8203858481_c9962ef517_b.jpg,relaxed,train
4858421_30207956a4_b.jpg,relaxed,train
Xv1F3oVIjqnjAdr84tl83UnhBNKf4e2.jpg,sad,train
8229235941_727615a1f2_b.jpg,happy,train
317766415_decb98671c_b.jpg,relaxed,train
HjiKqUq3ZKUpo62d1AaPWC7uI40Hpv693.jpg,happy,train
wTIxEVrFRwOBlu2w8GTev8UT75XmDs672.jpg,sad,val
42323326242_d7647b572f_b.jpg,relaxed,train
1CghnczvrarpRY5zxNmPP3XiphsFlf335.jpg,happy,val
V36BLZNlBnmbhzNT5ggCYixtaG4mYo243.jpg,sad,train
8086285163_41ce00a6bc_b.jpg,relaxed,train
8740374327_4770ca8a78_b.jpg,sad,val
34593311825_ca15dae1ac_b.jpg,relaxed,train
yavNSEpvlbHi9OX066RvpcmZogBdIe345.jpg,angry,test
8363473011_7f28600741_b.jpg,relaxed,train
rMD7wzmV87RITYQLdYFEuv0DOtCJJd444.jpg,angry,val
5214390434_b12ef8c12c_b.jpg,relaxed,train
Jb3jbZsizfo2X3h7nOPQClRoe3vLdk36.jpg,angry,train
vcbfs29ZhZUJxVHZMpE9oZQz1AogY3112.jpg,angry,val
395746360_9c5d5dd9c6_b.jpg,relaxed,train
eVUpvvom3dMcYhtFVegTbIuoWmVFdu422.jpg,happy,val
EGXGnHcaLo0bMaaOSy9Ox0WV9lLbqK710.jpg,happy,train
42PF4prlcNN6xSmXV7uCsexLiT3oRR635.jpg,sad,train
7292844552_a9ee901faa_b.jpg,happy,train
xUeBt7ZbgG3EtxTrMcSdUeMcRAmB60947.jpg,sad,train
egrqKMDq5OG3t5aGekn3PiG4mMX68Y604.jpg,angry,train
e6ROJVrDbKvOZTb9rh0X7sOOdM7Iu945.jpg,happy,train
mkuDad0A4HKaQZEBAkYIgkgtClwYOP729.jpg,angry,train
MLbRLVMJljcn5AUnc72VWaGhbdV4ny992.jpg,angry,train
pltzkECaFIDjqau1p93oq8Lcd8k9KQ674.jpg,sad,val
GytdNYZq2ysRlIL5uLe2qOiy5gjvwF686.jpg,angry,test
jWd1AmrPWRF3bFYo9wfkKPTI0VABK3700.jpg,sad,train
GDYUi6jMdIioGD2c3UET5qfOr0nslF404.jpg,sad,test
6RocDWbOIYax0cS4OTu0oQ2HCmcuv5288.jpg,sad,train
8629526013_f28e9851c0_b.jpg,happy,train
qOR2RVmGF2FveTVihdaJvz5SmeUkI2773.jpg,angry,train
GSgj1fVt4ajDHVDwJH14RKGx4ZPrQW816.jpg,happy,train
i3h6qukJUYGQcUrRomxBClgqhmaZaU400.jpg,sad,test
QBesed35NYZKzlmepN4osjAS7nLm8d469.jpg,sad,train
7832700018_e60a9be756_b.jpg,happy,train
iALj7hlzZDjSkLLOQG6bF0OiuFmFnW624.jpg,happy,train
ank17mafSrChKpXh1cKhvWA2qjyB98277.jpg,happy,train
Hl1KUhb09OD62z9myOdr1bmyx6jTFU830.jpg,happy,train
Atu4Regd9Q3rR4T8CnZytB07NYJWYm358.jpg,angry,train
qfkJK4MLaQVxBPnlecweOLqEBlCV0l99.jpg,sad,test
2hAmgXf8tDs3PZ3AQzXpCLGMkzsb09583.jpg,happy,train
1INB5yzmwJu7vUpjU3VDwsN4Bo5RTU518.jpg,happy,train
KzUGALc85F25IQP8tj0LuKydz0WXbq603.jpg,angry,train
nLnl3RuUjCRALmmAh4Tp8L5F07Q6BU779.jpg,sad,train
gilPgn3SZnpmuLfI2iK1oYmfA0aTUH464.jpg,angry,train
969332853_e738bae6b7_b.jpg,happy,train
42672121630_61123b6352_b.jpg,relaxed,train
hphUdrwU4f1wL9oiTu3WSywztCePlj364.jpg,angry,train
ibub5YfErqRahkG8razqfQckU4UAam310.jpg,sad,train
12453413204_8801774b9f_b.jpg,sad,train
5457925865_c2fcf516e3_b.jpg,relaxed,val
eUPhEhBnmGNZgftd7oXdB2bvBa2X5p650.jpg,happy,train
uxWwrtft9oUkozEFZGOB80UIZiyKpB803.jpg,angry,train
5703019332_da5a650e66_b.jpg,relaxed,train
mcdkYR9AB0Ec8Tr5rb4O1FXSjAry2U75.jpg,sad,test
8ihS8iNl1oEk1poDZDM0mMnOl1KZ7u90.jpg,sad,test
LZh3z3w5B4JfpUjBIypaoYOEeXrxrX708.jpg,angry,train
6838722834_f2da4fc2ff_b.jpg,happy,train
64Hnb43ZZ5L9XBSYFw2bNhjm8USkwT286.jpg,sad,train
k06J5ToZPbqX4RKtMk1GAInVGf0a9I245.jpg,angry,train
6937176079_44d75fa053_b.jpg,happy,train
hMHsyO8XFhDuo6P5pkxBCQZTjLFi8o256.jpg,angry,train
6859068126_6f7fd1d714_b.jpg,relaxed,train
Elco8ii80iNUUQOt23xvjCJXa7UqU0157.jpg,angry,train
zXd8gnBft1Op8Wgj2SMATNfZ9K51DA315.jpg,sad,train
3QVNVBrLExe5Jyb6VPyjcFRI8ugVtj891.jpg,sad,val
AeROp4YlaFtipd7W7rgpaLVkYmdp5a604.jpg,happy,val
J2S0LtEjYBPmp1q0fy6wL2ZPvtA0uN710.jpg,angry,train
685595477_96732f18c9_b.jpg,relaxed,train
345947631_c4fa91a3dc_b.jpg,relaxed,train
8403235209_384b87f179_b.jpg,relaxed,train
Wy3U5OyutSBk6o3oDILPcfcSwtvNdn105.jpg,angry,val
6843986179_e657cd5c33_b.jpg,relaxed,test
st38KYZrmjeESeitQE2alsM1IxFBNv240.jpg,sad,train
3467491069_fbced65613_b.jpg,relaxed,test
6n99cvzyInrpVUoKRUsXzXs4Jz42Qo140.jpg,sad,train
l1Lqm4nkHUTplBUxdceoQ1D5uK9GVL868.jpg,happy,train
9vDayz72S5LfcEz83VC71VKLGKyBz6194.jpg,happy,val
7wtAldaKufBGVytNP9CvgdinnZhXZM973.jpg,happy,train
5555928877_73b82a7f5f_b.jpg,relaxed,train
xdarcCSo1xQfaDBplfYcrJR1EO1TZb362.jpg,angry,train
5891475710_55963915ce_b.jpg,relaxed,train
4NTAH3jJtDRS9dJ0HiUYlSah7lknfi151.jpg,angry,train
1id4uEflgMojRxkrMM9NQkcZrKSF11148.jpg,happy,train
BrqT2RuggxxdU7TMgP37ycFMQaaDrL155.jpg,angry,val
8206288433_684a9f184d_b.jpg,relaxed,train
gKkziDcuoH28p4jkHcgYacWGCk28lT237.jpg,happy,train
vl7Nh4AX1y8u4L85J1ui6qAMAOSkLD138.jpg,angry,train
50215391677_57e43d67bf_b.jpg,relaxed,train
CIcfIWrO9WupEY0ScPtEbGpRScNzNp466.jpg,happy,val
cg7h0yZG3nMcjFQWSSgVLvhGLVUuWm392.jpg,happy,train
cYJFFLBvaoUkX3pB5mbTrEx3CC85J2852.jpg,angry,train
NFkJVkia6X0n9KBicc7CNVPmcLj00I767.jpg,sad,train
jtLulkckKGiedrg9dLQtYVDGZE1KuT256.jpg,happy,val
7728772920_25255812c5_b.jpg,relaxed,train
QZnRKvt0gwVmx2gXSgm0Vpmb0687BY922.jpg,sad,train
UY2TLtdemnszW3TkzG67TmAE916IFw15.jpg,sad,test
gn7Y31ZU1bPX4Z4xTwLnXjBx4NBWUM817.jpg,happy,train
pm47pwxywWbV3vrF2o3nKiwT8sCJIk479.jpg,sad,train
XweenHYnJiIGaYFKpOLNo1vv2svzka133.jpg,sad,train
U9otjzQsnJUqNdkBfJKLEG7L4vmsTQ101.jpg,sad,train
6137858778_39f68db4ff_b.jpg,happy,val
LN2nmoh2U4BlmGhLFz0CQQ9wGt2Vxs859.jpg,sad,test
Bn6WutIC8TlI8BffGuMRghZlXkPCFo235.jpg,angry,test
6hltKcNCDAfAQTBdmpV0NQZSpLEwe2592.jpg,angry,train
9380373030_6d07aa7f77_b.jpg,relaxed,train
EJxP8coPRimuJX2uk85NPZvm4rfeTy747.jpg,happy,val
5723400360_767ba58c25_b.jpg,relaxed,train
8409188396_96c5cb616e_b.jpg,relaxed,val
boKGxJiahfpbM6dVaB56oInbgWe0GN813.jpg,sad,test
4094488759_1478f4cdfb_b.jpg,relaxed,train
ParL3tZo806qZcf5l0NggcIKGWXj96850.jpg,sad,train
8375779962_67490c59b0_b.jpg,happy,train
35YrrItLeMI8AQJNvexJUtg1E6zMY2718.jpg,sad,train
wSN8dYitT53GaqgmcAqojMmbkB7o6B958.jpg,sad,test
9189483236_465614a4cf_b.jpg,relaxed,train
daqwvnkVsmtjSXOs7gFnModdCEKa5j665.jpg,happy,val
5087866204_30d86cab12_b.jpg,relaxed,train
3224819480_79a673b5f2_b.jpg,relaxed,train
WrnvVcEVNYRXP5nwfvapDQV1nLsOEu879.jpg,sad,train
75228800_2854c88d63_b.jpg,relaxed,test
468951976_c4f24659cc_b.jpg,relaxed,train
qdElZiIPy5aCYncyVzL0LBzxlRwTlK134.jpg,sad,train
45Y79sLK0NVKa6lR8r3lJWJgsF7679994.jpg,happy,train
Lacp1kWm2EPweYQz0WTRyUm8AfxEEJ272.jpg,angry,train
8290748594_d623a1f758_b.jpg,happy,train
47936108921_2aef61b5f7_b.jpg,relaxed,train
az8wKgkeYFSc5FluQtOZmxLLEaIU8E734.jpg,sad,train
V8cLG82OgosQzpenpgXiRKkIOKyJYJ995.jpg,sad,train
6844555404_c00d8cd774_b.jpg,happy,train
7665575690_ce13770216_b.jpg,relaxed,train
a01soV7642iABs8LzewC5U65xQWqoU544.jpg,happy,train
CFtyYe1ePXjMeImuLr0nrpCnp6TJjO407.jpg,angry,val
5669560391_f7b2f2a09d_b.jpg,happy,val
VP1q9wRj6hU2EhdF6SEqkbHXmpgYtn792.jpg,sad,train
yRbmSaJ8HfAQx9mQDdUr9lFjjHqdik312.jpg,angry,train
UMPOnTTTGsGicEzcBAwVIhfZc7GcQM345.jpg,sad,test
tQ9vb1uwriyLzD6duV6Ftlqj6fKKyK264.jpg,sad,train
Tq4x12NBKeARCav9hXrbiteZ7VeAfo395.jpg,angry,val
jzVSgKVKfC4X7HBJSd8kJS8x08PlGc649.jpg,sad,val
5uy323GBdkd4d64Hp658AC1ac8U9TZ940.jpg,sad,train
7050315167_cde60be922_b.jpg,relaxed,train
6699506039_96c9d90a7c_b.jpg,happy,train
M8XqsMMRdPf6PjLWTTWR23R5jnkfvl92.jpg,angry,train
on6LOFG2LWp5AnrNpYw4fbYS7arO5o757.jpg,angry,test
Edm0YR3t4sCVHZSFXS9IaWRicL4adH591.jpg,happy,train
3G64DoD00YQdXZz5BMNcMfXgeZ4uBK431.jpg,happy,test
5517044155_92c053f4cf_b.jpg,relaxed,train
kbSgVxHeb5AouGBL39UOnSo4kdOyO0728.jpg,sad,train
Md2DJENHBn3yvjPhQnM60yn8sh1qX9851.jpg,angry,train
8189649615_c86dd94d3d_b.jpg,happy,test
uQeR2pr0IY2BGdocBkF4AcU6QRcd0b215.jpg,angry,test
6863621492_54cd8deb1c_b.jpg,relaxed,val
8637100356_4d69522442_b.jpg,relaxed,train
jGtcgPYq1xDkthoBGIJa0NT68Q8kQb342.jpg,angry,train
8761041101_4a27ba13d5_b.jpg,angry,train
3256705569_3f265bbf9e_b.jpg,relaxed,train
7651827042_bb29e1ed47_b.jpg,happy,test
xvXGCzHSG7ZmFE2SCNBl02m8OJZ78g197.jpg,sad,train
W7rjXyzev1SkHjF5UBUKFdGxAWH5qf696.jpg,angry,val
69Vbf1BMR9yXdZ6TnhsVy1yzbLJdQ9793.jpg,angry,train
k5jioK6bByEIz1CL7lhvnhHdwkzZ9S633.jpg,sad,train
7084991373_b62888643c_b.jpg,happy,train
Q3GKqUSFsGKmcSqjKCxItbuU7V0jUi103.jpg,sad,test
2MsWC0PIkIJfSzXzVXVLXzxOE47WC8541.jpg,sad,train
jgwxJJS2asaYRfv7LZxdBsCVlTrsht750.jpg,sad,train
600708041_6c4684c6cc_b.jpg,happy,train
9626001356_99b68564e2_b.jpg,happy,train
917649961_724bd6c53a_b.jpg,relaxed,train
AH8D7vq28uJ3SyRbxuzbYhf9SsY5es656.jpg,sad,val
bvle4yPhg4o2btXhsZkw6xRaIdUijL915.jpg,happy,train
7668617706_1436fc21be_b.jpg,happy,train
7855430810_8d86befb91_b.jpg,relaxed,train
DVXYP77KzLtKho4eiR9O1qS3iTlmrg158.jpg,sad,train
4u7yOnXOBmveNl2KTNT2hlrafyXlDS617.jpg,sad,train
3IghK4UAmOKUtiWYcHGrjZL6see2M094.jpg,happy,val
KvYhsfXUNTxkCz3aeUfPwM0KNjvaPd115.jpg,angry,train
9486598422_06a93178f9_b.jpg,relaxed,train
9370794965_535244fca6_b.jpg,relaxed,train
8280160271_f563b65d82_b.jpg,relaxed,train
i2oMBEWbpZW26BcO1svEkhGkZGwa7V408.jpg,angry,train
QtLqKP5rINhoSt0npKy2Uigsa5yFqa311.jpg,sad,train
FwnhiY76hLooogO1SvmUiKjiZARIRz525.jpg,happy,test
51872464100_4f98b503a6_b.jpg,relaxed,val
4ZBiAF49jI0w3QYOU7CnT6LQwfsH7W508.jpg,happy,test
8aA8gRqbIEg4w1HPevPkA2FufixcLV357.jpg,happy,train
ZoV2amONVsjc06B0QBLf5ssWQJv47T331.jpg,sad,test
QzjydyXS5PuXa0m2nepaMDjIzl8zUT958.jpg,angry,test
ADSEf8k9nv985WbcWyJ9pscNgZtACC646.jpg,happy,train
8SmgZZqiQ6troZHgPnONXgynxgk5zh596.jpg,happy,train
qEE6kSjyLCmh6I3omG6clMFAF3ix4R279.jpg,sad,train
8615865520_eff4fcc42d_b.jpg,relaxed,test
001ndHD2FL3RHNrUp29Qp4WvTiHo5K388.jpg,sad,train
7nsBbKXlBNun7YaFJQrOGwCQEj1PZU397.jpg,sad,train
1RNY5jJJlhTYvem20jta0JyuQKKB6b855.jpg,sad,test
8056556810_a4dd4a8c5c_b.jpg,relaxed,train
WzCKF9GSR0zCZl57VfjaPyMsTE46i5294.jpg,angry,train
MYhjva9ofpE9akppVAGZFgP8sV2y8C499.jpg,angry,train
5g5AGokiT61EY835V5hVux1DPsrMRu868.jpg,angry,train
5859344011_e30ea2a0ff_b.jpg,relaxed,train
4600709036_34508992e4_b.jpg,relaxed,train
6535663277_026083ca5e_b.jpg,happy,train
6003738147_ce55a60e45_b.jpg,happy,test
7055607321_dea960d79a_b.jpg,relaxed,train
c2GLwq4h1NhJjzsIkvx5x3gmVN69a4162.jpg,happy,val
423437219_0338fc1e18_b.jpg,relaxed,val
32668164227_8c46474b31_b.jpg,relaxed,train
5430082422_c7ffd02eac_b.jpg,relaxed,train
OWRUNc7mmqiX7zv3IIaJzwxlGalS6a273.jpg,sad,train
5714067614_95d6bd90d3_b.jpg,happy,train
fbvq3GLEzh25g3bvyZa3cFURHGOVbd783.jpg,sad,train
4441839898_164aa9276d_b.jpg,relaxed,train
YOl3FW5SRUiKGNQx6javZP4CoPowCv853.jpg,angry,val
9077245995_f1913c96a4_b.jpg,happy,train
D4ZPP69eb6l0lFvNU5k5C4DffDzEsA786.jpg,angry,train
8302379552_569f6d5aba_b.jpg,happy,train
34934572620_930ed473ef_b.jpg,relaxed,train
6109254255_cb392c38e0_b.jpg,happy,test
6508707839_8805c0bc9c_b.jpg,relaxed,train
dRjCt9RqkwxpvNnUFEdTBrlYYAUng2593.jpg,sad,test
AL78UMzeeCSRUYbLJlNS7Eb8ElRzM6236.jpg,angry,train
4435391812_b940f745e0_b.jpg,relaxed,train
eEYvEMaGrXjsG8vvIEwiTUheSdNYEc855.jpg,happy,train
dR6NChdxyB1qX6TRQ9TJtrj9TbzEAH972.jpg,angry,train
cifO8UoDG6Fjk52zWyifYgnAXfHkcu497.jpg,happy,train
4926330486_f47107c696_b.jpg,relaxed,train
dNrgj6LhQiyZ5nKhz4EffNyAXfP9xc33.jpg,sad,train
zxiNdvt5dZ7dcvtxNcNeP7VHuPdQfk270.jpg,angry,val
kGy0ernpItU63NZiFPin4uMxghvcl1494.jpg,happy,train
4475256458_077d44072d_b.jpg,relaxed,train
8244995390_14b246de1f_b.jpg,relaxed,train
h2LqpxMgAYxpTqRlMTaJ7u6UjTIyuX359.jpg,happy,train
9372191098_f69ff34602_b.jpg,happy,test
40922256382_ae86e45e0f_b.jpg,relaxed,test
40903072444_0267f8855c_b.jpg,relaxed,train
5Khw3BCIXIlpcpQlqHmqRy89mnppgD444.jpg,happy,train
ABxDTJq0c7TtEtjsh9BnpFKfpWNYPA204.jpg,sad,train
hPu9e1qOm26iDH8fGjomLlOWkqC8dl53.jpg,happy,val
6329638674_d5a93640a8_b.jpg,happy,test
OI1K00n3xqThGJUkGs2cI4LgqEKeQk766.jpg,angry,val
Rf3Hf41OGrZZRAdTxM6SLkWlLRe3kh356.jpg,angry,test
2RjDxA7ONK70VKnqz74UtaJ4iAzwL5427.jpg,angry,train
KSaJ1nRGBGPLHHMdufVpW0yp7GmBs3146.jpg,happy,train
4935124267_ae622988a0_b.jpg,relaxed,train
d7fgJbRRyJ0irKVIibVbRM1xfbGELS642.jpg,happy,val
d7J63Jmyf4lZYJtYQNOXO0qo9cRi7z892.jpg,sad,test
dk0okv368rfRnvwKxnjaVGyDh5J9wJ761.jpg,angry,train
6076967720_5d0706e8fe_b.jpg,happy,train
7503265890_65aba35fe2_b.jpg,happy,train
9008501328_a5a823873c_b.jpg,happy,val
8745456008_68eaf6dbe9_b.jpg,sad,train
OXaNOhIpBrEjZp4rVMkVbHh7aL6rZQ596.jpg,sad,train
8496408816_97f40970a2_b.jpg,happy,train
e6Fj4l7ceTmH4z0adS7jQSezSsvci5372.jpg,angry,test
8FUPvxuBkp4CBStnRel2D0rxMzTpoE889.jpg,happy,train
41733430620_2a057da93f_b.jpg,relaxed,train
7253955970_13486ff696_b.jpg,relaxed,train
tiSZkfaOKr9CBQCg4NZukxvTPXSaaJ234.jpg,sad,val
Wm3x346QYJXRg7cw8SaiVzZlP8y19D731.jpg,angry,test
KWiIf0s9r9b6SQAqOeTyUL3YCg1oDn483.jpg,sad,train
34620270371_d91c208500_b.jpg,relaxed,train
vbYCFnsQqu3WkAbNy67m9BdSMGBeNm832.jpg,sad,test
8NlPrDlTPV2ioaAEUdC3RErfcpj0cW261.jpg,happy,train
GqeyI8TbTmKmon3wDDAqMsGsLW8GUv777.jpg,angry,val
5924163730_9f9c3cc293_b.jpg,relaxed,train
txCMEXG9AJDpPcVvOP5UXLlG927EVa348.jpg,angry,train
GbBmswnlDc1Rhms2qIfELAgHMnb7Zt109.jpg,happy,train
lNH6KBtfXoKVdXmSGse5LrynHUeojd121.jpg,angry,train
9709327685_42590a0cdf_b.jpg,happy,train
LG2SaJzEIEsCuwEXaUdV2s6sQN2GVh837.jpg,sad,test
n4T2dEopJ6QuEKOY8OWsddGiUqFiRv710.jpg,sad,train
v853Q93ZHkJDOtDg4dcnbv2sZrgjmA379.jpg,angry,train
HflJNlXT8DZIIHjtT7DfXS8GHslivZ774.jpg,sad,train
8MkrcWFIxrdTFeRxiUHeSfm5KOJp3M470.jpg,sad,train
6654415821_08619e1d2c_b.jpg,relaxed,train
ATpwWSngW2sa9bYuf84sjaWgU4z9CX443.jpg,sad,train
3468945755_6a26243e0c_b.jpg,relaxed,val
5460725349_910b74b581_b.jpg,relaxed,train
BC0o9JCtVRkPYSmVY4qMzWNdm4gzUA657.jpg,happy,train
bLLBvoB8eAChE3ApFjwye203mcjy6i685.jpg,sad,train
GpWHumQbuYyWTToqHxiOidYz9QK74O626.jpg,sad,train
8221600915_9806873931_b.jpg,relaxed,val
cTBvM7kl1Af456hQ4QHE4DMdIW7mTI707.jpg,happy,train
6T2fnPmcsHNtpYM4OFBZLh0vQdPkfG815.jpg,happy,train
38968382211_f279820677_b.jpg,relaxed,test
6084787268_c9c87c3050_b.jpg,happy,train
poDJBOYIFBMf2ASOZAKkagClMSksI7624.jpg,angry,train
GVD9hDbdh1yzxH8ahuwCtM0lVO5Fub505.jpg,angry,val
EhrplNgr7xxrMLCl36Sx9ebIg16bno621.jpg,happy,test
5792383808_3bef51b34e_b.jpg,relaxed,train
3510549692_0a10d5a3f6_b.jpg,relaxed,test
3CZjxXu89ghmUtDObskJxmtz3D3owi28.jpg,happy,test
8339965128_2d8ef1176e_b.jpg,happy,train
hwCcG83RSXWQSIyoNHDvjn53aUQYrv789.jpg,sad,train
hs0DQWUvgCZcDqlPubG1VkKiuucKEc138.jpg,happy,train
z7GGcy9hbOuFG3lBoiDFhUyCoEqOfn916.jpg,angry,test
5468760198_062f609f02_b.jpg,relaxed,train
pX1RhsToZ8NJA5NkTedjmqJwGmKJ8U265.jpg,angry,train
5372112049_3630cfd4ac_b.jpg,relaxed,train
KGmCspR3iPvWUPkoJZ85Qc1AUKjUJO931.jpg,angry,train
pG7yvNwIQ9d00x0iYdLV7QWJxHpmMa94.jpg,angry,train
3532682821_775eec53b4_b.jpg,relaxed,val
V04anT6PDq0Dafh4vf0O5gzKt2uB1x885.jpg,sad,train
38875382932_65056883d9_b.jpg,relaxed,test
DzH5K87eLPs2ifjOn60Hw7uvOE74pf237.jpg,sad,train
6938520685_30e6ac9401_b.jpg,relaxed,train
Gh2i9ZpjyMGV4gNqY1aJGJeVhEJFvr714.jpg,sad,train
8680835965_382c675609_b.jpg,happy,train
9GiRnqjYQYUqCZV2Z8hLxvDd4SB2rt557.jpg,happy,train
8208234725_bcf8663d72_b.jpg,relaxed,test
7kWP5u00lVvvZINm5t630K9jKwfWBd297.jpg,angry,train
8951924168_6f485fcd18_b.jpg,happy,train
h3vKWZQQPMJZbYL12ELkpPBtXSbWrj507.jpg,angry,train
6830780140_15a1e70a2b_b.jpg,happy,train
Pc5AohHUEIkregOyzkybgJ9uLUifvJ800.jpg,angry,train
9671858165_1b1ca618ea_b.jpg,happy,train
ayvJSC1qIa1wfYigEZCZ3db1HXye7T640.jpg,happy,val
46922435984_9f1f2e7dfc_b.jpg,relaxed,train
qNWpU3UGh9XzdKft6RP7kvLpgLx8KA221.jpg,sad,train
qqWMJbvabqKT2n0NNQQ3Vwg4Xr4LHm887.jpg,sad,train
SbhJgwOtLKkcO9UrCCaQW7lnbn6Zqu349.jpg,sad,test
3GT6pXffwN7eYLwLaUpmzDZjoH5Axs335.jpg,angry,test
dIVt5TEh5hcbVmFCt7FGXZrl2YOE9R77.jpg,sad,test
34679619673_de326ffce5_b.jpg,relaxed,train
8731567054_545b92d05a_b.jpg,relaxed,train
6950217266_f0f058aecc_b.jpg,happy,train
Enn1DV5k7n3OFJPGacx9M7yVsscteF904.jpg,sad,train
5509871823_280aa4658f_b.jpg,relaxed,train
4656033707_9187b52069_b.jpg,relaxed,train
9421889582_514f190ff2_b.jpg,relaxed,test
5453198777_184834bf56_b.jpg,relaxed,train
7495476382_f577aeb070_b.jpg,relaxed,test
45501294_8f655a36f4_b.jpg,relaxed,train
nKBtjgEeB8dbu0XOEVPdpF9e7kTdD8976.jpg,angry,val
sNNvsW5j0F652gMXygZrAuXaXazmnW416.jpg,angry,test
Ko9cyqpJcq6aTANDN8Zm4MzyIErhxA161.jpg,happy,train
JMFMprLadwwKyjaJzl3rV52fJG2xdH66.jpg,angry,train
5QO8xWtfOp5Rd3Orw4zhVlYwmitSdd345.jpg,happy,train
7NSSgAcvAxnMlyCj6ZbtAdfLvEuBAW991.jpg,happy,train
qKWyQgUo49ISj1oyIxS6TgJ4RBScwX144.jpg,angry,train
4FGpaJWiQBdgYbPWU1zXipHpjV6BPP828.jpeg,angry,train
33287617366_d897be3c11_b.jpg,relaxed,train
g0hZvbqwN9ghMLG7ra7Hq32rqZwxLi233.jpg,happy,train
jRxBjb0oDEBgegSc4WfyXBsLg6POif688.jpg,happy,val
4SYmdmsqb3SuypGGtXWJGMsEjbeXWO954.jpg,happy,train
PiXs0Xre5q9yN1iUTd6KLdsn6UAiTC371.jpg,angry,train
OkMpUSGqwdf8Q3biVWb6CKqqkkegcv161.jpg,sad,test
3377209437_5b821a0cd4_b.jpg,relaxed,val
n6yQLFcmhL2WNMDHvy5K6EwYKopGNr618.jpg,angry,train
33488465573_8b597c72b1_b.jpg,relaxed,test
gDeVe7zmYi9ZqWIqk4t7Ms8hzXps5r440.jpg,happy,train
mcQeoaiVyTChor7K16OQmg6ZB9RZ6E679.jpg,sad,train
42641558242_f9a4c62e15_b.jpg,relaxed,train
7996013236_e94ab28dbf_b.jpg,relaxed,train
4FylXoembvN1aBqwWEJbtPXokUmpY5534.jpg,happy,train
VJQgQd7TaMZRyXyfCLSsC2ektV8lQ4283.jpg,sad,train
32687600491_e4277744f2_b.jpg,relaxed,train
7571713454_f8bc6e317f_b.jpg,relaxed,val
8137144683_9071584fd1_b.jpg,happy,train
Omc3MOqX05zXwFS4HU0nITxWeArwar180.jpg,sad,train
ahSUgzGRZ50wAObVbskG27fcQETcre339.jpg,sad,test
ZbmsQP0SNk8zXI9kpxXB6BVSP2QQKd526.jpg,sad,train
542990276_519b1f5cea_b.jpg,relaxed,train
eiLbdea0jzhrXd0YVPPrt3Sl0njXcz515.jpg,sad,train
Ke6xejmrcvHlfaWTr4vYrafOxhNcRL100.jpg,angry,train
M8rIc4ro3FPs5ZoOZgKhDdFwP6aXVm856.jpg,angry,val
5zvZD8R4OlbUjz3ZotAQkgG6s7b7St607.jpg,happy,train
oDP4iPJDCJh8VD5Hid92IFDM8C5aw8340.jpg,angry,val
7GypEsQg8y1mePNihZraRbcz66iUEi970.jpg,sad,train
qn2MdIgjuGUSO0m45yW6zVxmWDyPVH286.jpg,angry,train
9554462972_decae50ac9_b.jpg,happy,train
nvMgoGOf8UMvERBnFSatFO1FWrykAA112.jpg,sad,train
XeGbmxP0vNYAuz4JXc46rElqjlb90G851.jpg,sad,train
46269302054_8cd2e98434_b.jpg,relaxed,train
ve6FdNwm1BcjQT3a9aPEUtYko0hOyn356.jpg,sad,train
32973472922_f22272eba6_b.jpg,relaxed,train
8629936924_357031ec20_b.jpg,happy,train
6rLUXnk2dAdtQH59jtV73s3DCGQg0D822.jpg,sad,train
QyEuyUBq02u7dfhkdSofhr9a9a84iF323.jpg,angry,train
Pvrh70VNq4GqYhrUR5aKEJ6g9BgLK5554.jpg,angry,test
raONAtkC5k9rd6xLVdOmkWBKqHAA7q939.jpg,angry,train
6916536116_9e8ebe9e18_b.jpg,happy,train
8442703679_e173ddeb93_b.jpg,relaxed,train
lp2VpbxUDw41VRL8V5qZWIgWxUUW2K733.jpg,angry,val
7168911996_76dd9ce089_b.jpg,relaxed,val
nSvQaFqgVHVsKLJlCXmiN8181SoJJi214.jpg,sad,test
sJ1gOMTPiloz6uW6PnuksNRczQkQ6U555.jpg,sad,test
867054976_f730eefe26_b.jpg,happy,train
sdlB1uI11LeGPM7YDi9KOoH8FjXjyG914.jpg,sad,test
b9Ec7891Cqs9R7lZCYQs9CRi1YPAk7461.jpg,sad,train
48687697826_bdfeaa2e05_b.jpg,relaxed,test
xDiWudo2F545at18mCKWvbWlvnGDv057.jpg,angry,test
6796573072_764a9ac113_b.jpg,happy,test
6419110081_3e438ce61e_b.jpg,happy,train
39587397365_d3f6c24589_b.jpg,relaxed,train
MQyNWVJLTS2rkc3Qvh3wl0OfylP3MC994.jpg,angry,train
7019550177_65e36493d9_b.jpg,relaxed,train
3135806921_e9c4ee5f69_b.jpg,angry,train
D1yNugq2s7SfkU5hyETdPVy3fY6NiV775.jpg,happy,train
XfnWuZ0euAC1ij9xEEO9hkvhqdbkLN131.jpg,angry,train
kdDGOBHWFiL1Mjwss0LVAMKZK4lJIH849.jpg,sad,train
5850417014_3e60162582_b.jpg,happy,train
T0jeINxcGpCVk5pCdsvzjstxgR3a9w714.jpg,angry,test
32708662315_1c1b6ba0ab_b.jpg,relaxed,train
3877690369_b88df3f1ee_b.jpg,relaxed,test
9690747004_35d1635c4b_b.jpg,relaxed,train
7184660542_506aa3d050_b.jpg,relaxed,test
DXfesaifqWkghs5GFBR0g3FODl7q9e358.jpg,sad,train
Y8uSZU2f2zCaWK2yX5i5Ba8pxWu6r7435.jpg,sad,train
NmGSq1WJ6xlNsPvYeEFuz1hgj49yU8935.jpg,sad,train
946149392_95b0038bbc_b.jpg,relaxed,train
8460867669_29bfc7ee30_b.jpg,relaxed,test
9283817206_e2b00e02aa_b.jpg,relaxed,train
mwnVKahEISFgw2SoqxeOZcr8zGnutz804.jpg,sad,train
7623956526_5c55bfee35_b.jpg,relaxed,val
nTofOr936yFGmsh6riBjzumNLZUhG2990.jpg,sad,train
IoP4F4H29uOW7cBD0axJ1FOyxHzpYT975.jpg,happy,train
buFF9q7sfdmJ31c35Y570jj1I2mVsI201.jpg,sad,test
8362529574_19e72bcc5c_b.jpg,relaxed,train
8063237303_6b07675560_b.jpg,happy,test
8165261472_13887be1f2_b.jpg,happy,test
651859019_daa4f08c33_b.jpg,happy,val
SFUpUIkPPpat9EN9kqy8GYGq0an1ge825.jpg,sad,train
8714333607_7b7784de9f_b.jpg,happy,train
khs2r1RY3WrXUVuLbVcmvNh0mEfnXi177.jpg,happy,test
jmKHkAGha4XHcL8vMSGW2hyih4OOb2647.jpg,sad,train
4631279904_91afcfdec3_b.jpg,relaxed,train
fiHo62gF2HHSuTruoQnqMThlRMCxky321.jpg,angry,val
KtuIHMHVf0i4rgjj3pSPjQviV7Nyp7965.jpg,sad,test
6Aqdd6ibeJG2SR4i95BDXAmnjfLREu410.jpg,happy,train
J7npNfcP0rMhrE9qpQ04og1rRdDn1p74.jpg,sad,train
2c4fOfz8Gkt3oRuCzo8Ojc05adVHDp471.jpg,happy,train
AsRO80OlPoPylUJDkrZunVWwGbB1W7496.jpg,happy,test
33130802743_38b5336a0b_b.jpg,relaxed,train
40738512652_70d1c9f4dc_b.jpg,relaxed,train
7051748041_d7a0580010_b.jpg,relaxed,train
AUN2sxfSaB2tPt1sFhSjNtVCB3rGMe376.jpg,happy,train
5056160944_8836f4cdbe_b.jpg,relaxed,train
7EwUREADc7O3u4EvWUbkhJp07BQur6329.jpg,happy,train
7105772105_f9a1afaaed_b.jpg,happy,test
ZLrOuRLR8ZAnqUQVfBnsjfcYmZ4PRd784.jpg,sad,test
GXPcKwsOEQqqtRaIq8w0zFQCMUbFx6977.jpg,angry,train
7944073978_2e285a05c8_b.jpg,happy,test
t4rRwfbsaY6QFSeD3LN58WRygCzWik391.jpg,sad,train
qbVPoDhlvixnTAtxiyE4KmhSUFdGa6211.jpg,angry,train
EyKARIefJP13yQdbbtzI43EGTmL8Oo804.jpg,happy,train
KWqWO5tsPIqfXVXrhFSqYFNBtulkfw195.jpg,happy,train
R9SA3mjD5yhNT0aywMpsxCMy0Zkc94974.jpg,angry,train
nJel9gAZAVDEwE3lhX70Vyqqu3SihO351.jpg,sad,train
37245978_6c326f41ab_b.jpg,relaxed,test
cTr0cvgoDBf7DWYhPUpdBXkMatVVXS409.jpg,sad,train
FdDQjCaoXYunOvIsLtjv66tfx5y2JQ417.jpg,happy,train
6316540271_59cd0bc9d9_b.jpg,happy,train
5452824330_2dacdd4ab3_b.jpg,relaxed,train
MXPpmud5uvQoAccmVMZrN0Ahs9Y4z8549.jpg,sad,test
ES3yuQJ9CdOVHV4fFyvbGV330XpbvJ528.jpg,happy,val
aeBBkqjXDLs1N6cJbyPWJDdpoeSbVV282.jpg,happy,train
8RqxD9D9T7LH7IV377QNK7zheIuIeY997.jpg,sad,train
v4kht5PhHzFyHvbjuVsno4HkHzgi49559.jpg,sad,train
4855117306_2a94a8b734_b.jpg,relaxed,train
7773610146_06250058b2_b.jpg,happy,train
Va9rSZPFWZaYUWXBQbn9YxfObaRdlr873.jpg,angry,train
mjsqfkGHxbxYHeR6I40yWTZQeGVEuv53.jpg,sad,train
9eN6Wx3HOionUPHDyKEVRleyXkmnjS413.jpg,angry,val
Vb7ERbhQ7iwt1Kqni38gggXcdRFHiL296.jpg,angry,train
gBzeS4vs385r8QyK7QNYOMSGlCH6Cu438.jpg,angry,train
7253968830_9a9bb6fbe5_b.jpg,relaxed,test
SwgGsoE0Cto8NuNOXSpeRSSEdMlT2U224.jpg,angry,test
3980411000_784480aabe_b.jpg,relaxed,train
4855565992_110862dddd_b.jpg,relaxed,train
PqWe5VHTYYwPywPqBMe8I526co4t0f447.jpg,sad,train
Ipm5G01jevxoG6Q1eBaBqy1c8lVIU7966.jpg,sad,train
fmjN10kRMofjkXBrPNjwzHvYylzE0a854.jpg,sad,val
gNNSC7aL4v7lErXDayWhHYZUjhshwB516.jpg,happy,val
pGUxlojcYNJ9VAdkjHGeDmok3vYlEb349.jpg,angry,train
j26VcgHDAzC6eoMTTuXoCfTBtwJDH0524.jpeg,angry,train
3195302402_aeffb45299_b.jpg,relaxed,train
9216069018_47aba922cc_b.jpg,relaxed,train
Gchq22p8OYpurEa0MZNiFUEIpx6EPr809.jpg,happy,train
57LfavAO7D9R87WEoNQH6HC7ToBusk678.jpg,sad,train
50872261498_4a79f74ddd_b.jpg,relaxed,train
lzFJ88EQYZ1CPn6l7CGsWMyqrk2ffI233.jpg,angry,train
4242582203_21a0cbd53d_b.jpg,relaxed,train
gRDOMGpHdH2AGodl4wCK2JxEvwvJfn390.jpg,angry,train
6183572820_f1b1fec37d_b.jpg,relaxed,train
dOZayfpJdoP5Dy69BBKj05rof0rdG0926.jpg,sad,train
v7cHD1BFwJw1vqZVrrUwFrm6EadWN5997.jpg,angry,train
7391502300_f987f36a92_b.jpg,happy,train
45761309794_d065506a33_b.jpg,relaxed,train
9568710047_0c4d381e9f_b.jpg,relaxed,train
FnbTSganN2LTWW5Qjd9SzNzMogySY7932.jpg,angry,train
ChJMrQjJRQbRjRfggVc4XkSSn8CEDG807.jpg,sad,train
5247028906_36c075f873_b.jpg,relaxed,train
r2prcc7OV5noWyW4AwQVJwybtCHhv3316.jpg,angry,train
6302597671_5545c458f9_b.jpg,happy,val
6884837778_b29dee26e7_b.jpg,happy,val
515204119_db20ac87f7_b.jpg,relaxed,val
45529508251_a94e148c91_b.jpg,relaxed,train
0wRJFKTRjVA7GvDUvWM7PM1pDytj8I868.jpg,sad,train
LRoueZFGIogtqFnD9TDHjjpShLzLr1118.jpg,sad,train
6331677600_6751f584ae_b.jpg,relaxed,val
5536997617_039ae4d2c2_b.jpg,angry,train
9161291551_47fdb7beef_b.jpg,relaxed,train
1Bd8w8zWibVSb2nyQoLMRNcVKWELba270.jpg,happy,train
2gUa6Q1EmPsDanb1TRdPt6Im0llmf7616.jpg,happy,test
wTduYj3KjM8XiewHg68cOTnnePt6ou109.jpg,angry,train
40265981160_9ec59ed7c0_b.jpg,relaxed,train
7188923085_6eb243e7e3_b.jpg,relaxed,train
8wUNb87je8xzVdleRld1HgtR3cMEnv209.jpg,sad,train
TV5IWaj227sCscNudqeEVJOKXxob3r244.jpg,sad,test
X1hPO2CrAjSAN56WQODxAiZjCnQByO307.jpg,sad,train
6817032105_04d84f52ef_b.jpg,relaxed,val
F3YV6rxKkpdrp5AkWUHXinKA26iSo2248.jpg,angry,train
ipa1siZFAArbA40m1XfFkDY0RAnaSO299.jpg,happy,test
5849835588_a2e9dcbbdb_b.jpg,relaxed,val
kRvINJV68bRz4qDWPl84d6DWhizc7E131.jpg,happy,train
TN5VAUG1zHiA5Bnt56GBSj3zBrMICE536.jpg,sad,val
N8Nq4f0TgxjoDzWFaTDjm0t7tcpwYi348.jpg,sad,train
OXhJSgZMUw5HeHGbMOpBg9iTbZKK0f694.jpg,angry,train
72830733_8801a94920_b.jpg,relaxed,train
zEym9zDFMJrdSJlNhDiWqHwP1EpiUd12.jpg,angry,train
38384142265_a2b45f775e_b.jpg,relaxed,train
8204070139_b2734c641e_b.jpg,relaxed,train
5ZDCqzXwKSdR089hbWMJvTWxDXT7wv405.jpg,happy,train
5I2umBtLnfsZSoiyJ1P5zSIhpRxlJm289.jpg,happy,val
tNuO1diU4XD8tvyxj0wWAyFbBEJuDr136.jpg,sad,train
80852208_306ff6c825_b.jpg,relaxed,train
biD2EQvATxNzMZ3rhjsUJHC4jMnvoh141.jpg,happy,test
5545805343_ff86cd2cde_b.jpg,relaxed,train
wao9ayQHwMuXZCFwAolxJRAVaFvmo7476.jpg,angry,train
38831525185_88f56165e6_b.jpg,relaxed,train
5408168591_b781809648_b.jpg,relaxed,train
SqOwmo73jLgvRLq5ADEFV38x95wQAo550.jpg,sad,val
BlGgPBllhBAptzelqr1Cl0UkBBdzjU403.jpg,sad,train
ZyKSNXuhXWLsfS3TF0y6vdD6aWDeRQ916.jpg,sad,val
7259923248_a88cc3d254_b.jpg,happy,train
4GmFhvfxYTCz4XgynDBcWiPrQmk2cr108.jpg,happy,train
DHcZyxqg7ETE5YpCzjxI4jLfjFIguF994.jpg,sad,train
33688206175_f8dacfbb3a_b.jpg,relaxed,val
8kqJQoW0YBbtANGyEnniiZ8fndHCKR201.jpg,happy,train
8723643969_a7248a8e2b_b.jpg,happy,val
16AW3Eb2DYtJGt9oxodmGhv1eC3xiG613.jpg,angry,train
broO4hFmi9VwCjChWlg7RUkfs3pFcJ932.jpg,happy,val
CO7YCpdVmpTNWkkvES8GStNRgzv9VT425.jpg,happy,train
lwihjGu5mEfZHfDw5H3M0ioTlEqcGN37.jpg,angry,train
6079033176_1a6c55e7dc_b.jpg,happy,train
81abPg9epvVT46sTl0MudaEejz7YPC891.jpg,happy,train
5zNmNnqwcJKWKLcRRdODiW6NvRf29A226.jpg,sad,train
XJr5XDPXTlewD854SXynOe4N2vhQQY692.jpg,sad,train
43101488531_7f34984a6b_b.jpg,relaxed,train
5201692622_f703670571_b.jpg,relaxed,train
51008582038_7f768431bb_b.jpg,relaxed,test
j2bU8WmVP9XIlseYpWI7FS4OTcmufs669.jpg,sad,train
o0BEPHdEltt07Y99RYVjlOTt0crZ9B290.jpg,angry,train
4655584257_72e73daa70_b.jpg,relaxed,train
royYsXyDEfvKxXcVI72HXxQEFQESET531.jpg,angry,val
52023627990_2d351b0936_b.jpg,relaxed,train
4415710260_a1f8df343c_b.jpg,relaxed,val
6RVLg7UXrtpJx6eRxntTrr0hTLiPyd1.jpg,sad,train
AUenRdaBQDpz7dNNpbYzsrvzPzdYA8143.jpg,happy,train
8509492389_3f8049c66c_b.jpg,relaxed,test
qXAa28rtvbPPdwx8l1C29b5G2aA4pd164.jpg,sad,test
4xouxHmb2n4mD4TleRmlVlOwzOwIsX513.jpg,happy,test
Axx2xfTClyoKFttZ20pKLj70sIbihh603.jpg,sad,train
9557201270_1759e9fdbc_b.jpg,relaxed,train
HGHm4XWwjKHpTZvCg6qmbh0etEkvqH890.jpg,angry,train
glKJs0LU3qS5NgtM8GIJmtHfjiVLMd242.jpg,sad,train
o2ry15GBIwHIJUzwLvxci5VMAjk9AQ295.jpg,sad,train
5909068919_74b57a1539_b.jpg,relaxed,test
cwUf0YtPhKE2CVvyN62ovOs4GjFrlD390.jpg,happy,train
7296051426_026a3d4103_b.jpg,happy,train
6171327648_d542aa949d_b.jpg,relaxed,train
Ib5hvXPXXbOSk6m9EW87YOIQnIauXz327.jpg,happy,train
vjIOlWwcKQGSgZPL8M3CPAsZDdMHcW31.jpg,angry,train
8658566864_c19560bef6_b.jpg,relaxed,val
GsuLD6JJ7bBpxlD7iGepKdWPpeFTTz7.jpg,angry,train
3t9u0v6Bk551Sib6R75gxjoSHtSggk223.jpg,happy,test
5612273162_e099b190aa_b.jpg,relaxed,train
tU4IPJJkpXT6lpAqq1HS0wcjXRGpF2653.jpg,angry,train
9328975731_a55d22fe76_b.jpg,relaxed,train
CrrLC9L317gD8XgqK6r4rzbKPADhV6925.jpg,happy,test
51958372066_f16a1036e9_b.jpg,relaxed,train
KBtrormXEH1oxOmOC8ZJPCbyR5Z58e970.jpg,happy,train
7jKdWW8LysHwswNgSThTbDqdb7pRMQ951.jpg,angry,train
846696647_31f1609b2d_b.jpg,happy,train
hepGJyL4UCDQYVSz54G54Qw34DNMDg309.jpg,happy,train
6868833854_51487d638c_b.jpg,happy,train
6137125861_22e78ac8f4_b.jpg,happy,test
50506401803_f76b611a5d_b.jpg,relaxed,test
6770101101_d1bfbf1ea8_b.jpg,happy,train
6571451407_132884bbe0_b.jpg,happy,train
5544007691_780085d531_b.jpg,angry,train
9207661759_2687472312_b.jpg,happy,val
7618277504_12a9e58577_b.jpg,relaxed,train
8007637229_e9f1ca01d8_b.jpg,happy,train
33585084386_a42600379c_b.jpg,relaxed,train
R8MbcjQVU7ENo6Kspwo3jSemKp5ZB4866.jpeg,angry,train
5552521116_d0e83782f2_b.jpg,happy,test
8lxLl0k5ulpcgSAueDQfcibXqlvdxQ930.jpg,angry,val
7895614602_dd1aeba2e1_b.jpg,happy,train
iixD1zNZd2EG6CrmQwUdd8RaGcf1zk169.jpg,sad,train
4788442853_a58d4bb39e_b.jpg,relaxed,train
yFrnoLVnR14TvMOUrfS3fnxiHaSFR8715.jpg,angry,train
maTuZCwFdONobekz8JdooOJJ8BOXZb191.jpg,sad,train
7819349018_ea77f541e2_b.jpg,happy,train
fnuBOWHjO6qrTFOrnPrB5Uehvv9yi8203.jpg,angry,train
qoqf2B2uLQRqFTLU4gmgvBDBM6UeNe913.jpg,sad,train
i6L6gJ9T1Wf61e819wqOIaJb1JciMm134.jpg,angry,train
aAy5vX7qoeCPGU3UKAUwIse9PQZ7Ew546.jpg,angry,train
7360169654_4cd20bf34a_b.jpg,happy,train
8580475405_303eaf14b8_b.jpg,happy,train
B4dgSBVj4sxNoraQLoH942QKmTq6m0494.jpg,sad,train
jcZ7epQGRMkJsGHHWG2mrwsdnyslvK697.jpg,sad,train
jOssWhhEPGY0Ky0GFlQPUTfxIdTSs6195.jpg,angry,test
lwJ10itB6vdK8vtXVBCw9VjAkQJi4o76.jpg,angry,train
6725228459_7114088c6b_b.jpg,happy,train
80a9r4jhblcaCeYdxV9hWVD7Z1H9xa9.jpg,sad,test
9635936376_2d303c3119_b.jpg,relaxed,train
6725991933_2796b3c8a5_b.jpg,happy,train
2jKDS5gWzF5BOCB7H96Dnb7KZUbI3N91.jpg,sad,test
beOUZb9ZtAKZiTkU1uYB8sRfNxI6NT446.jpg,sad,train
8812115178_743a6f3555_b.jpg,relaxed,val
IJCst3yWrtA8odDtYOOdImQtvU899F165.jpg,happy,train
6864143342_ccabc61718_b.jpg,happy,train
37584976986_e46d18ee56_b.jpg,relaxed,train
4843099045_2f8ccbfb41_b.jpg,relaxed,train
eJmD4DmTxItRHstTYGQuWs8Z5OKGGz139.jpg,angry,train
Ltifdq9yik2rnh48cURBLapnVzpyXs720.jpg,angry,train
34676105721_108d91013e_b.jpg,relaxed,train
6814973882_e53e761359_b.jpg,happy,train
rRKhKntRbdNvVjUMs0pob9tCCvmCrJ240.jpg,angry,train
DU5xjCx99rcPi9Ue7puBE6LBpByqeo802.jpg,sad,train
Px7nB7Qx6OghxeV01LmuXHU1kA8ccH16.jpg,sad,train
kvf8bcJkaPVWemGEGebe7kmWJ6yqD233.jpg,happy,test
2pGFcdvWlJ82y0S6n8ojINGPqYPY7m980.jpg,sad,val
ggyKZY5cZAFEUlt6UGDXKXK0MbPpL4842.jpg,happy,train
8989062338_7bc05817eb_b.jpg,relaxed,train
7905643236_129efe127d_b.jpg,relaxed,test
5753699080_4a08e98eac_b.jpg,happy,train
8653877467_f5e1ec2e36_b.jpg,angry,train
5602480698_f25321e9a1_b.jpg,happy,val
lwk4rDTw7xAjTR9OBzSxy9idPf3DMS509.jpg,sad,val
EOqBFoeGUZWSWYjXrF8zp75xi8fFty226.jpg,angry,train
46889589052_7379363510_b.jpg,relaxed,train
7354075906_94efe7d01b_b.jpg,happy,test
5YDumoWsn24MUS5ilqUCHvefO2nMBd729.jpg,sad,train
2mSDYmclz1x8Nyg86GAelsDQRwbxZS447.jpg,happy,train
CNfG1TdPO2Pd4JdWVxASd90T7Zn7iw187.jpg,happy,val
QtldW6J0mZ6rGD4kQBN4yJqy1FBtjz930.jpg,sad,train
3307857681_684474d313_b.jpg,relaxed,train
4563036835_08b16dbee3_b.jpg,relaxed,train
PHZ94eVJ6ND39OypzIq9BcdtaJ0ge624.jpg,angry,train
ExI6edxxB6Vls1LGizwJmutLUotXtY128.jpg,happy,train
D36XwKiTXiIqqmQX2zSABoPvDbZLgp566.jpg,sad,train
AeV9eu0dR4osuJsuw6wN1aRRx5GUdv99.jpg,angry,val
Inwtcd35W50MKPyzpX3IMhqIWcFjRh151.jpg,happy,train
WMSEdsI93WbYZ9rcgHiX68torL4xHy322.jpg,sad,val
Cfi1VE0S0lSoQxZk67ynjLbPBMevD2771.jpg,happy,train
5250297404_b87221a742_b.jpg,relaxed,train
fNHFMHJU9o6ATtxuFMUZHkA0g1kNBQ383.jpg,angry,test
6236975626_f72aac846c_b.jpg,relaxed,test
GH1CZ0gQwcM0qK1dqbLLBIZmrJKmVU192.jpg,sad,train
41091046421_b729b3f4a6_b.jpg,relaxed,test
Zv6jFEYVRnqAeTZ3EvPSmH5AaslCQD463.jpg,sad,train
9548789912_0469561323_b.jpg,relaxed,val
7285437584_671f79cd73_b.jpg,happy,test
4128647607_8b609b0bc1_b.jpg,relaxed,train
NwAWRtiEywQEC2ElRjVw9KN5rtxEu7844.jpg,angry,val
6508572987_40b0e7ed97_b.jpg,relaxed,train
hd8BVrvJo9RH45flLxq2zQjmswklRw352.jpg,sad,train
ZcdRZq8RtLDagg0XVJuqLjX4i2YI9R823.jpg,sad,train
Dr6NRzj8y4Jcb4b1zAoMBNsl8Ad5ZD236.jpg,happy,train
5221675751_f7d4aab806_b.jpg,relaxed,val
7202622800_bd428c64f3_b.jpg,happy,train
8yl58b6z8F2HA2LixWmLQjvetf0bSb905.jpg,angry,train
9431244754_700b17d57c_b.jpg,relaxed,train
v5H6rxAGYPa3vEurjFtU4IAFGky8WI436.jpg,sad,train
33210959985_c053d80c99_b.jpg,relaxed,train
wtx1OqsfVoWQL2m5r4pFPoSKQWahPE185.jpg,angry,train
H7AzwGwhRIrh4pvKotsnuHlff2Kz5l638.jpg,happy,train
BJuMuMcTNwLwZdgimhJPtBYNWI2ASz348.jpg,happy,val
8754613465_27053e21b7_b.jpg,relaxed,val
efBxvdG1JpAUnIa5q2s4fpCbYeFqEL804.jpg,angry,train
PUUmF0NLsN1iM3m1VW6nUJhyTCHusH807.jpg,angry,train
EkCBGXPJRfeR0KZDMIhtUMwxolOLEK341.jpg,happy,test
5649263828_a22331e477_b.jpg,happy,train
459587184_fed6cadb1f_b.jpg,relaxed,train
eW8CFuQ6mq3JjhZ1bNeJLcnRobgBQk53.jpg,angry,train
7401257880_da0e537098_b.jpg,happy,test
xEgJLNN9P23ldSMbcxCIRrOwzBeaAt666.jpg,sad,train
fm6RVIM5JpEQ8dcm9PFVdLkTNqb3Ad640.jpg,angry,train
aPAstX6tp8P3UcUY0iMLKuEa1eZXF2918.jpg,sad,test
moVaAHPTJc22s7y7RQa4v8g9gs7zhP739.jpg,sad,val
8521734595_217d114c38_b.jpg,happy,val
870447181_ccfc224188_b.jpg,happy,train
kHmQFYoRPIeHECGQ2Mv8NaOplwiz3l46.jpg,sad,val
zaXXVcNmpnAR5IGtYzekELRlf65fRW329.jpg,sad,train
6391376995_c38d3ca84f_b.jpg,happy,train
3Yzy86q8gSFC1Lc8z6SdJjPjIxnmO7677.jpg,angry,train
O5pMKUJtDip8T1CdxMNH8zoOmmB23G232.jpg,sad,test
JvFU9asD3v8eWGS3L7Y31H5ezzcFaO526.jpg,happy,train
YFKyysvtDT8dCCJyehjyueOtNizAUc775.jpg,angry,train
i6KiKCxIshrju7McDDBjSyXyqlLmSn954.jpg,sad,train
ItrDBLXI8ZAWeE31I4TRhelnkelgmY299.jpg,sad,train
FVUSAcqRfJ5zvajk2Ip58axMK2OCW4888.jpg,happy,val
QqTxAnorcA6t8iA2FHACj0a1r2BrwX664.jpg,sad,train
5433648007_4a8f5f7694_b.jpg,relaxed,train
CW0vbYRMHd99z6GVZvEMvQVwbBq1XH393.jpg,angry,train
m29JhiKgS5hrEMuATWmDYf0CBMG4bw948.jpg,angry,test
38615488230_64a1643488_b.jpg,relaxed,train
7847727128_61c8b819f0_b.jpg,relaxed,train
I2lR9ZQ3g3JTUFdk4uFJmsFfipfcN9726.jpg,angry,train
JguMgL0Tml5btBw0XMUlW4wBXEfGXR230.jpg,sad,train
9271666666_bee3194f1d_b.jpg,happy,train
VNqe4d9rZFIlMer8huUjzeLdRA12VA477.jpg,sad,train
4851761439_6b542d5455_b.jpg,relaxed,train
4QrTfEx4w8ArLdbF5lrkMvNCPjKMyz571.jpg,happy,val
WNVAtpQ4s6UGyiC18QiC8LqpJL2IhA365.jpg,angry,val
4863254257_73c974d8d9_b.jpg,relaxed,test
HWwRF8l7Gb62JhUHILKsH97uUbO2FQ776.jpg,angry,train
8363279365_b71996e6ec_b.jpg,relaxed,val
8201206444_63a49c0a81_b.jpg,relaxed,train
fx4qnSkytjQ19FBdlx2rDaQ3iFaxby936.jpg,sad,train
1aDAhxgUV8TWkvos7L8MaZ9dj0fpBH965.jpg,happy,train
7382252800_97e161cc04_b.jpg,happy,train
5610705209_b05dd3f2bb_b.jpg,relaxed,train
7831083472_ab5cca0ae2_b.jpg,relaxed,train
tzLBtVzEH5MY5bchm3bE5lSoWDbBIu938.jpg,angry,test
62jTtCF0xpxlcsEtWt6qgQDK6aEyqZ229.jpg,angry,test
9531937000_4eff1fe6c8_b.jpg,happy,train
f3ttk6z40aRwDGSvLiwYf99fazS0dW505.jpg,sad,test
XKnYV2xWPZ8jOJdDV98FhNmwDcflV7633.jpg,angry,test
FQ33t9ZdAqnbyeyiJ0JYtaJiZ7ObQQ10.jpg,happy,train
Z3yigxcnioiiHwErVHm4WmULbHg1vZ445.jpg,angry,train
zLieRVP48qOj39rOCLeFIUujJBE4yg781.jpg,sad,test
9unOiReG7JfBp1CmKh1YveZVHo9Nmm306.jpg,happy,train
Mqb5ZvBOgfw7JBPAzqKwkFrO7DfuwX387.jpg,angry,test
6982737896_116763a59f_b.jpg,happy,val
33529689508_120be3ef0a_b.jpg,relaxed,train
7521804774_ca5ea889a0_b.jpg,relaxed,train
Q6roFSnvvfPRqysaKVJToagMFv56O9991.jpg,angry,train
6O50aHD0j0hFNqSkjAIzTAaoB5Q6OW56.jpg,happy,train
bFzgmZCiIjEztKuFb8G1en9n4N1siA216.jpg,angry,test
5514430497_117b91d294_b.jpg,relaxed,val
40044432394_20336c7d29_b.jpg,relaxed,val
4296019802_45ddafb7f0_b.jpg,relaxed,test
gzBBgItdpe2GBEA4KUDOjnLaM6dn7q748.jpg,happy,train
04FMq3exmYnLxQ85XzYhS0a9Mrb5Ic420.jpg,happy,train
8490520870_d99601575a_b.jpg,happy,train
9602840357_84ecbb4854_b.jpg,relaxed,val
jMTnMIdUcRDWhhR1OAHIxulr7dLx62985.jpg,sad,train
38954262060_a225101daf_b.jpg,relaxed,train
9383825789_5a73987ab0_b.jpg,happy,train
xjW02YiSDOrydGQgRubh262c6e3C2t552.jpg,angry,train
AC0ox2D8zw0j8ySAOv2pUIL2sbMzOD150.jpg,sad,test
6XUNBd3XvlRyatTbZaiZh0UJrQprZc415.jpg,happy,train
7783869948_641f05fa3b_b.jpg,relaxed,train
46397435515_6dc57b117a_b.jpg,relaxed,train
oyb3C7PunyghFfpcS6sLfMSfu3nKHV328.jpg,angry,train
6704518075_80c6f3e71b_b.jpg,relaxed,train
e13VEldtqkh9wOfpUAMFNicB6J3Iwd800.jpg,happy,val
WuwElyYkjgAq1AO0livvdJx4ZGjjRO92.jpg,sad,train
aBgjZx8MyHzwbP93LaOb2Y3OlwO3sC681.jpg,angry,train
z5GqNjGNd9RYQKG2PLsJnJhueKjcO8414.jpg,sad,train
8367209491_1d33dde82b_b.jpg,relaxed,train
8228475459_822f4d86c5_b.jpg,happy,train
5886498549_f2c06eac69_b.jpg,relaxed,train
tDKYiQEAoyo9bKAeZtij2dnxR8A564497.jpg,angry,train
2BeToLnr1G91VU4tcSJ81sKtiWoESN717.jpg,sad,train
5684088841_95fee805db_b.jpg,relaxed,train
NNcxdj2J6AX3OYQkOOF0lAKlNFoCSa722.jpg,sad,train
1GFNdPDe8wXTXZPBboGHYLJtAYolJq648.jpg,angry,test
F1wcA1zvudDLbILo3pBVXiyqpXFOaP128.jpg,sad,train
afPb717CAxFt9quBethXSrTAJSe1F4436.jpg,angry,train
fASHRePhtrxPPSrrBUPgngUPoVxBLT450.jpg,happy,train
xhhJsrOrmJ1LeWHUv4WT3FOTDtINqa950.jpg,angry,val
Iif1IVdhk9mbG7vMJz5RppUrLMRqc6476.jpg,happy,test
4615312848_005be39f8c_b.jpg,relaxed,train
YrUAM48nyzq9fazPWAvkMvaf4Wo0CR945.jpg,angry,train
H2nAyNr3rInvBs1b7iNz8eQ4ZisMs9244.jpg,angry,train
6817021164_3492f9a94b_b.jpg,happy,train
2tqmZ7Cj0m8Aozov8qFb0QNcfSs7JY44.jpg,sad,train
Kgh1GJ6qwsEsyV8o6qk8iyrwJyvqTr439.jpg,angry,train
X4YLVv3wFaoaULS2vEbKMto96esYIj842.jpg,sad,train
u49mucbIpKkonTxEIpCyDRW2NMbagT748.jpg,angry,val
Etz9sg1468KVkXRtCBqIt0LRe2JhYs877.jpg,happy,train
zmHNeJuvTBa5lFAtxZEm9LBqowIVoQ127.jpg,angry,train
cnvb28luHzWTKF2Nud6A8dzRwZoNu4501.jpg,happy,train
ysdzab4rYpC5Vg5l79L1rrZeUPBvLl379.jpg,sad,train
8123081460_d92bb7134f_b.jpg,relaxed,train
FvB5FzOZCLNDSav5vRgwk5mCkhcf16589.jpg,angry,test
7izReBd1JAeKSiRHVVjHtom4KKkyVX478.jpg,happy,train
N2KX2b6pgSK9ozXZAk1MTQXZ6gC8z5978.jpg,angry,train
6912642142_8ba68ee15f_b.jpg,relaxed,train
f18xEjxeGWeQHuLkLE6ncUaTBsGeQm676.jpg,happy,train
4554401385_edb838ca99_b.jpg,relaxed,train
7nry04iLMQYUeYTZz9YxTqwc7mFNu4953.jpg,sad,val
iCHw01GZ17tf5VX5JUM5f8mgv5KYEm139.jpg,happy,val
FnPSSqxmGvb6UzeAwOB4f6VahSHoCp85.jpg,angry,train
eZmqclG6Ix2howcZu09JaC7qBSQRpa298.jpg,angry,train
RYc1lQOUeFCHryKqybpqZpzn4S26rs204.jpg,angry,test
fQrs1PSgwZNkET979wF5BQ1GbRvMv720.jpg,angry,val
8998810103_dc3898c357_b.jpg,relaxed,train
FL3dFZ51wziUNTC1IA791u6PL7LoHs130.jpg,happy,train
31960465747_70f87ab5e5_b.jpg,relaxed,train
4HIR1ErQh2OYM4uMCuIWMhgOkN0QQ1907.jpg,sad,train
5650961393_56bbb59a8a_b.jpg,relaxed,train
TY9vtpCvUdJNycoRfZytnFMm5KSF9N325.jpg,angry,val
agFkZGtmuIKIKiLO8qWrfoyXkIlnVu738.jpg,happy,train
6249241246_f99d1d8c4e_b.jpg,happy,train
86y6mVVgPmupOOiM6sZkosgsKt6uHl764.jpg,angry,train
6iojXzB9Sg69tl7GHp4zNno0aIbiJP107.jpg,happy,train
eRydr8RAz0zVV7ISTjWf8TZ9hCHv61733.jpg,sad,train
459587684_7a668e1b1e_b.jpg,relaxed,train
yymIKCWkoPs4nSX0NWZPbHVFU6No6e598.jpg,angry,train
43093257135_3d90f8e500_b.jpg,relaxed,test
5546002800_db77473a29_b.jpg,angry,train
SZjamllB8lKbxx92lnoZLJ8TbIqWEL731.jpg,sad,train
38860464862_5dca50923b_b.jpg,relaxed,test
DVD9s9YDswU5K8lqt6llR5rdpyCQgC7.jpg,sad,val
2OLkWxmeUiHwvuR6eKTwX1GmBiJq7y614.jpg,happy,train
11372859135_20ec8363a4_b.jpg,angry,train
Xu6w4CqQaAhMGJ1BdJAsGfYbFb25Dd424.jpg,angry,val
eGbzLCK78UJz4YEzT68QCKDYKjGIEh517.jpg,happy,train
VPI8G3yMZBmPj0x6gi6uxGMdJoCn74615.jpg,angry,train
hJmwuMvJTOdHsdazax5wSsoFoNbDvO556.jpg,sad,val
mbsbx26q7vvrPX4i1RDcwh2zrj50kA533.jpg,angry,train
AsvSCWLiAYDRtzBVKeL7tgA7BS4alA56.jpg,sad,train
j5KdqDqt6W928Mmokf8zWXwj7tH6Hi884.jpg,angry,train
4492946117_d5bf92e2e5_b.jpg,relaxed,train
7490485184_08497eb300_b.jpg,happy,val
82SI7IcxcuK4r94n9OSptzpE5EHaSp546.jpg,happy,train
u3sRb2YdMaRQ4wZ0PmR0MxlPjx9n30860.jpg,sad,val
cc79mOhzoG4YClBSctDepqTNwwN7Ld632.jpg,angry,test
fJhVocrjBe2JBahUeIfrvbBu9jRTho444.jpg,sad,train
kWzQWkgZfqbthuEVZ7NVVOLVavJ2P0872.jpg,angry,train
0jgI6KwR6IGvq9CAMBB3srLRa0W7z7192.jpg,angry,train
i4NhL0RgxK0THoAAbpGCrkldmhfl6m412.jpg,angry,train
50384669763_bc775ea67e_b.jpg,relaxed,val
2xAFTsI38Tr4m1QSObbd2pIdnzLnfh78.jpg,sad,test
3613787330_49f9f081bc_b.jpg,relaxed,train
jIqW1supR6pNhlaYbqomNdG6VPTjaG833.jpg,sad,val
5232590439_e95bd107b9_b.jpg,relaxed,train
JzKB1OPGk866SiklJwq8e3buycRlj1827.jpg,happy,train
e20U7pkUps0I3VtHMLsV73t542vYbF6.jpg,happy,train
xjeWr74XghOqZVdgpqaALnggMH7tt0165.jpg,sad,val
6330875649_02998b577a_b.jpg,relaxed,train
41056376215_e778088676_b.jpg,relaxed,val
8114364482_01443d7c67_b.jpg,happy,train
N5EWMZuk8nM3WR6Glm49zhkjNlJfxL78.jpg,angry,val
qfZo6Mz6eF6iDcgliR3QDPQyw7Trrn372.jpg,sad,test
cm4yTxZKHJ7f1Q0viN17mEJIU6bzuR921.jpg,angry,train
8012852865_8880fc4ff5_b.jpg,happy,train
5Vy4OPcHtnAHYxuIhAS1fztYnTCU86776.jpg,happy,train
IeSTJljpzQedmcxyiimKtiAutmSTH4585.jpg,sad,train
0qqRaCQQtAQj2PGIRQrNJa1rnnx36W620.jpg,angry,train
31951804370_44f7c26f8d_b.jpg,relaxed,val
Q1YAswwVbYfCw9CXby04XPAZgtqKUo491.jpg,angry,train
pcsE4lVX3N3El5IAdhbhMVf2cxDwSm903.jpg,sad,train
fYF4ffvQR1xKsXjjz1wyd7AeQoRyhk273.jpg,angry,train
8212877887_2571bb331a_b.jpg,relaxed,val
kJx5cxhHtDrfVqJ2H3FdL7SH4Ljyij277.jpg,sad,train
7401905904_74a34fa4fe_b.jpg,happy,test
Jp3wTwonqjQIRpe2QFF880gDCcGodX237.jpg,angry,train
0FKg8SxFNeKTXecXOLLq5Zqxi8H8Tv663.jpg,sad,train
6khzkYhE9ogjayOsQWbvO8RM9HCGcu839.jpg,angry,test
9Ik1rmJ5flcjsV21LqlQsmlz0kE9Xr697.jpg,angry,train
39409124615_dfbe2c5c6a_b.jpg,relaxed,train
8k8CS0F0qauR4OxzwIvI4hm6O1YnJo821.jpg,sad,val
4134751105_b96daccfc0_b.jpg,relaxed,train
3259097307_0b6deff762_b.jpg,relaxed,train
lCs4ISKhsOfD9hh9ymZJJxoQ1u0qik271.jpg,sad,train
qwv6tlKKEMYEbD4cVXrO5fNDswNVpg528.jpg,sad,train
38284796101_3b2aa77d5d_b.jpg,relaxed,train
XnkjRlC6vWEiPnlgGQamz7noNDq3rA280.jpg,sad,val
3261881684_c8fdd5fcc9_b.jpg,relaxed,train
7380971996_4a2dbe1be7_b.jpg,relaxed,train
8Y5tXUy7BQW02cj2STfC94EA6UxOP5490.jpg,sad,val
6030487536_e191129fc8_b.jpg,happy,val
9631615183_ac65334c60_b.jpg,relaxed,test
oG82KK4h1tbanoiMTIrwvCrhkLWJoW942.jpg,angry,train
QJCGwLkgP7pUNWBSUrAgqf9s2JjFvN124.jpg,sad,train
9Uv8y5EHEXFkyQ70quqUZQHKh03EuE394.jpg,happy,train
6319067016_25de784b0e_b.jpg,relaxed,train
cG0I7sKuTWFLhShnjiQsW3EFCbsAlp637.jpg,angry,train
v2dyGuinUgJgvrIaj3y51j8bKBLjdg830.jpeg,angry,train
8410363336_157e3d4183_b.jpg,relaxed,test
5308156030_2a00556dc1_b.jpg,relaxed,val
36458513720_c8593a18f6_b.jpg,relaxed,test
DILThVhZJDP6W0Q7unayFQwyBfwDK3203.jpg,sad,val
45020741424_9043b52d91_b.jpg,relaxed,train
5503550869_7d4da8dd67_b.jpg,relaxed,train
9aMwoScYhu8ltXAeL5q1XmLo0G9cha565.jpg,happy,test
9ynH6pKZpgxVfye9biLQKhC9WibDWe146.jpg,sad,test
L1hDZOl1bpd3KpqMpv36FdekrB2HAu805.jpg,sad,test
TqHVSC1KcnhUUELgQKSyze3SNvtPOW508.jpg,sad,train
xdpbsC4nGJuQtou7n5Q6wJoVGBF5xT157.jpg,sad,train
7523896476_3ae83fb373_b.jpg,happy,train
3483300979_728327898a_b.jpg,relaxed,test
eH0MqHqIQ1IallZFfLwMg2idzPmneg900.jpg,angry,train
4f6yqZDwP1kDvGSxtz8fK769qgpM61268.jpg,angry,train
5BkXW2gTuC3o71TzcvXXell2sf3gWJ722.jpg,happy,train
iGlC3SeXCm67ryHPOdyVTYiR0qEjrE311.jpg,angry,train
NzrZOZX96z1sjw2fwUC106I2URgZUt756.jpg,angry,train
VMkN5HbNjuIFv4IJ2nVsX2lgGnXidm245.jpg,sad,val
7081034617_3b63dc1a22_b.jpg,relaxed,val
7254106002_96f43e1222_b.jpg,relaxed,train
oETQDWz8IOmJ8R9koDzE62LSQMcVZp452.jpg,sad,train
6706292549_8f8eb0cde4_b.jpg,relaxed,train
460866640_610f87fed1_b.jpg,relaxed,test
FTH4ol0T886HmiqAUZXsacDJCdJzMa893.jpg,happy,val
100006702_023849cb36_b.jpg,sad,train
6976438375_6c9ca14114_b.jpg,happy,train
mls2TgFhnbe9ZWgC3pHRKjd5o2iPHS535.jpg,angry,train
hZNK1NyNtzFK5v50qc4uUaT7eZJbGN638.jpg,angry,val
9757348013_fd101fc276_b.jpg,happy,val
5515533041_1f594847de_b.jpg,relaxed,train
33026943340_093f5c8ae1_b.jpg,relaxed,train
WUKvDo3KieRQealSYgoeok05qnCqVL227.jpg,sad,train
gVPNZpG4CGBy0XpygcbiSHXVQJB97c808.jpg,angry,train
7832606580_0579fa0311_b.jpg,relaxed,train
DTRsdYwE7BzKDhUFEkr5qntf0aFzAn382.jpg,happy,train
5720544410_93b9623f0c_b.jpg,happy,train
of82RbAMGsY1EuVW1tUTdY69MHuGSf483.jpg,angry,train
Md5JkFuXpbftuCAxmpqIeTpqNNwbSB423.jpg,angry,train
IMjsbItr1T12z8J1B29twnx2dB1CUL587.jpg,sad,val
IxG3tJMdXljq0EI9KfTUL44WUgJVa725.jpg,sad,train
59131709_a3d44d2fcd_b.jpg,happy,train
4778021821_71d78b44ec_b.jpg,relaxed,train
zvgEEnik5suJhs8fWtKVnem4dDWIGn745.jpg,sad,test
hI2tb4NbXCzaQ3AZOpVwYohNpfCDlb253.jpg,happy,train
VvjQcLBH3Pt5buZBAMkECfbHBIfZZC627.jpg,sad,train
veHLsKiKkNSLN87vCNMdkpXLj7qZ6p858.jpg,angry,train
8141235028_e5c360bd51_b.jpg,relaxed,train
3353959290_ebaea22c93_b.jpg,relaxed,train
5936913141_59ab2d2606_b.jpg,relaxed,train
40750164184_91427268b6_b.jpg,relaxed,train
9340134392_4b908c3e35_b.jpg,happy,val
8283375_40e5bbd80b_b.jpg,happy,train
8886618275_7a8db23560_b.jpg,relaxed,train
9kPaKMG1XhcDadIpxWo1M2UnLop8cS798.jpg,sad,train
54NFTMnQiMLgXnQUPVx1ApZnbHTiwq417.jpg,angry,train
8gikkUCb0sFOkjaxIJua2mVGIvLhlY713.jpg,sad,train
19ZKlGoRyimT0wt7lRlqAvcXzS89Hc374.jpg,angry,val
42142039310_92745274c7_b.jpg,relaxed,val
9788356723_8c5cb6b857_b.jpg,happy,val
3175y1BcsKgsx1PsocljSa763xS1I2615.jpg,happy,train
dy4kej8l3cjBIiizsINrCaOAnrJqcl439.jpg,happy,train
6525708919_4d6753e3a2_b.jpg,relaxed,train
5yAlsv3IimyvT8C0gAgXXNU1uBSQnZ585.jpg,happy,train
yAorbCl378iVaMzIvWQSBKAPkYVsfi929.jpg,angry,train
50831190207_c847f190f3_b.jpg,relaxed,train
5anLjZGhcNG90VraeQ3Xrp872Xz6lD659.jpg,sad,test
J3qKikOL0QfsBJUGfsOQbYEipxQd9f905.jpg,sad,train
tnn78f6O8vdyR5IpkDHAl0oMXztL1F635.jpg,angry,train
8606463401_38a841ef99_b.jpg,happy,test
6400415369_974643d544_b.jpg,relaxed,test
Kkrc3rADB0Gi5UVWRLNbAXrBFPPlj0125.jpg,sad,train
39900924382_3c14426062_b.jpg,relaxed,train
yuJ9WdC5NYLZxaJ7L5Y4vkc3ntZhbA178.jpg,angry,train
4984871314_8628f8652c_b.jpg,relaxed,train
29dRl4UaGY8cJnQN0NDm2u0JQ6FGiI257.jpg,sad,train
1LtUW3q6hr4s3kRY0tYDmxGHBsxv6I170.jpg,happy,test
5495701600_78d6bbacc1_b.jpg,relaxed,train
7030218017_4a666a52fe_b.jpg,relaxed,val
sxhGswsxz73w4nVX1h7tcVE1UVYXrk551.jpg,angry,train
6924033531_55c4e6e2e4_b.jpg,relaxed,test
rMtJirrYKONMIgPLBa2cwSe9yJCcbq222.jpg,angry,train
gWlqi8Li5vJAIUfw7IyfvMFOB8R1WB723.jpg,sad,train
9255917215_66e4c79185_b.jpg,relaxed,train
YWsOVyaFiIHSpBtVVnyGF19MP8iv79743.jpg,sad,test
y9d7N4cxnQ8E3XdmLYqA3xsN0A9WYw825.jpg,angry,train
zFWtIVIKam97UEnZLLxfaHjQ9LXOfW279.jpg,angry,val
5261530498_bd4335172e_b.jpg,relaxed,train
5589829665_3e19355ef3_b.jpg,relaxed,train
6EmnjXgYunxUcTRfVD5mVjvDrHBKc6423.jpg,happy,train
lpJDSTaEi3T3zza1l291Axmz4t8pfk768.jpg,angry,train
09qhORmLRHfy6HgNlXTDlqJVk1NJod130.jpg,sad,train
M1p2UWhEohHtQm3sIBYZDarIHLwaPt355.jpg,sad,train
ElQQL7Zo8B2nXrTdut1urB8kmOvvMf428.jpg,angry,train
3uXyuIJKqPXiuuXfUPSvTc5INNTPOO370.jpg,happy,train
38441657300_598228bc9f_b.jpg,relaxed,train
6892569133_18fa42cc1a_b.jpg,happy,val
Nuc4gdD0wFm46sgyfOFi6A0JDDb8qy528.jpg,angry,train
8459096134_cc0c0d8ac6_b.jpg,happy,train
3XW0Io1JEE1yiT5Fm2Av2BNNNV6N3G726.jpg,happy,train
7960598448_e4ff06603c_b.jpg,relaxed,train
7301312362_a1db2ba889_b.jpg,relaxed,train
o3h3kapDEjBqTj0bUFMjK2Q37F5VGi171.jpg,angry,train
7625055994_b6f60868f1_b.jpg,happy,train
4udrMzAccBAHsBjsEdnVdBP6kIS4dZ740.jpg,happy,train
RC5Bu7Sc4S2p24aEEEcBTj7uSYWdtl850.jpg,angry,train
KLuFWj3dQSrFHQVLNvAbvNPHdJ9A8K709.jpg,angry,train
4375512613_1bede615b1_b.jpg,relaxed,train
0CD90u75I6WgftgwIvq0pNM6rsHInC795.jpg,sad,train
3748401348_a5a49bfc70_b.jpg,relaxed,val
LThKLQjbAMmp7yl4aPG0yBnP69etTo193.jpg,sad,train
5502247638_a7cf3aea61_b.jpg,relaxed,val
dayrCSOScx4oQDdBpHZTZciKzQQBes301.jpg,happy,train
dqfn2UJfb7Z7cBmPTx3YxNV4Eger6C648.jpg,sad,train
6903699095_999725359e_b.jpg,happy,train
336450950_d1de78b367_b.jpg,relaxed,test
FFaASg79DyTFtVHrHUaZETs0DRkvDk704.jpg,angry,train
9568666067_a3a09d9013_b.jpg,happy,test
3476932287_7e0bdcdd62_b.jpg,relaxed,test
oCnxbCmF9MmygTK3EikI1QviveKL0i610.jpg,angry,train
39994864690_a9371e8d1f_b.jpg,relaxed,train
3W3Sdt3wlvLUb3geCOqMsxcIBVYXIC715.jpg,sad,train
Jml8p3dZVmygoheL7xhivJfxPpKcZB810.jpg,angry,train
5734406054_3ca695bc64_b.jpg,happy,train
ecl7JVwIu0LPLwloMCFLs92UJ22tGn667.jpg,sad,train
nbjkFT1TSAGmmjxXGli9wKdJTVYyOE196.jpg,angry,val
1B899BN9i7Gx8QmJ7CcrskrCykUfo7819.jpg,sad,train
7145864403_488fa4fdd6_b.jpg,sad,test
KzReWMeeNRhYvpHZAuumBhjzW5h1AA250.jpg,sad,train
kxJUFpJ6ifbruAphTCn964xEwXDDFE815.jpg,sad,train
7277123702_52c2505d1a_b.jpg,relaxed,train
6467157571_fbded6ac3e_b.jpg,happy,test
E6GDYcbebGRiYOxIAugFKRTG1jgY74631.jpg,happy,test
8081490792_a6d940d085_b.jpg,relaxed,test
MZLTP7lRzC4JwuZJ31Jk13uQIqaxDy591.jpg,sad,val
XGcerUN3GgfPfxmIsIa7YGwc4aiWsH51.jpg,sad,test
52271507498_ae31e78895_b.jpg,relaxed,test
7103728489_a554398111_b.jpg,happy,train
5455476179_2e3c595dab_b.jpg,relaxed,train
7875866130_1ec294263d_b.jpg,relaxed,train
AkjqgsTSAWOTrIf4x7FOVOPAAjiKgl607.jpg,sad,train
38579171044_f1249521bc_b.jpg,relaxed,train
k6GwNi6UjXszrIdOgKnmQoVOeSRg4q694.jpg,happy,train
aGLdGfbMrAlKv4ZWOJZ0vvzfmH2EPZ276.jpg,happy,train
Kk6Nn0ny14rNYWVxvE9OlLVl6kcO6G167.jpg,sad,train
4120449544_e5bf1fa334_b.jpg,relaxed,train
496745788_79f1def0bc_b.jpg,relaxed,train
bELqFo0V03jZ8KWsYW990676HI0Ux4328.jpg,sad,train
61183429_911e5e966d_b.jpg,happy,train
5878042754_5a2a2ec12d_b.jpg,relaxed,train
UxwA0da201KrtYfZyjw2YIi0zGXqBX830.jpg,sad,train
swnwmuyq75h27NuJwvomZJ4IOHWES547.jpg,sad,train
dyKCBMNm2FRzHIIWcxVt5XJlXGfng213.jpg,happy,train
dqq9FZJv5yqbPpuBWCd7QRBkFifjG1514.jpg,sad,train
kqtV30YaBttFunQzH0t6gt3huli5od693.jpg,angry,train
Z91TH8pSln81lm8oRpwjf9ir5JGucC124.jpg,angry,val
7054908707_cd6a097eff_b.jpg,relaxed,train
6578266685_ba0a2bf58c_b.jpg,happy,test
7004789406_b9e6db6fd0_b.jpg,happy,train
2Jwl0P0JFuHBQZaYLjSf3dcr8N3Q2l981.jpg,angry,val
34VCBhiA6eft3SHA5vtzR07GmOM0Xo708.jpg,happy,train
3JAR7WDW9Enm8oZzBXZZaNoDqbOurA588.jpg,happy,val
7033958799_5e8e298dca_b.jpg,relaxed,train
8325698392_6296667e45_b.jpg,happy,test
9775337711_a66181c82b_b.jpg,happy,train
2NwriLCOmm7Rnjngwth3PRVzRx0LpS117.jpg,angry,test
8765558171_2390c7a096_b.jpg,happy,train
5796273560_3be9691fac_b.jpg,relaxed,test
aViEHCsAcFB0HNe1R8Hm4eJOgWytQ3172.jpg,angry,train
7691012802_fd3f4bcd09_b.jpg,happy,train
m7OiKEwtfl271GafMvgtt21UGhi2Tl385.jpg,sad,train
mR9QcOlZCJ21Fgl0JLtdz9Dkx8017b468.jpg,sad,train
6737513077_87bcef6a6a_b.jpg,relaxed,train
6818158_9b36fba9e1_b.jpg,relaxed,test
bTMZZbFKGmn7Esm5ecUbajMY2OcANF806.jpg,happy,test
7166838368_44c1c08ea5_b.jpg,happy,train
8002699437_3e7e8f0295_b.jpg,happy,train
32060498306_4e6d9d4077_b.jpg,relaxed,train
NxbRBSMtsQUhW3g6xhEuUqV8YWjpyB101.jpg,angry,train
35560953593_e84a0a46e7_b.jpg,relaxed,train
yHcSSfmiX0cegnyftMmTAiJg3phlp0841.jpg,angry,train
V5J0ysfH2afgbYxozvO0v0N4yUrueg590.jpg,angry,train
AGfjuZPzYYAEcRktPr194i1GeC3i7K306.jpg,angry,train
0AvKtuzA7LfxnKaO0bey9mQMLnxXad73.jpg,angry,train
dJzfnP5z3tWkZqmsnWl5K1z3gslpkQ895.jpg,sad,train
X2WlvJVF0LoizgOXg3qooclTuhuXiy656.jpg,angry,train
49913021553_7ce4cec495_b.jpg,relaxed,train
amnv0CTEM6RYnYRivf2rjiigfetggY62.jpg,happy,test
Gccs8pIoGspnUZNRt0z60fn3kkOJ1Q711.jpg,happy,val
kXrdZfbrLgicvt3YAngDPMgMH9JNVS126.jpg,happy,test
5698274832_2250202755_b.jpg,happy,train
9536789569_cdfc117925_b.jpg,happy,train
51306185309_cf078948d6_b.jpg,relaxed,val
38wWDK3DxcLDqOhJvXCyReTSPOy5ct227.jpg,angry,train
ZH91GhnnTCsm84KFAGLcz73pgfsnef989.jpg,sad,train
KwheHtJ9FfrAgZPZh9BLqaT0MqRW4W923.jpg,happy,train
7079006805_41879a6a0e_b.jpg,relaxed,train
730241226_d2c7404fa5_b.jpg,relaxed,train
wDzRRsDrAeRFh1LrlFhQybZAP21Cao250.jpg,angry,train
M2yBqSDwpJk7mYNUr6LG6DIGaVgQJ9496.jpg,sad,train
8088414151_0e724195fb_b.jpg,happy,test
FXHYTyYV1SPluthkiztaaO8IbuHGbv426.jpg,sad,train
5479602746_cb85278321_b.jpg,relaxed,test
auCd47xv91y2GMY9g7LJsoxmgnu88x246.jpg,happy,test
AjmZiU6a7m1khUrq1zSDEwaqDnCqJ263.jpg,happy,val
UVrarrfGQjZ3q9lCq1ZTUdrhpZBTo656.jpg,angry,val
4713281_a7e9dd6d62_b.jpg,relaxed,val
jJBxoIxwlVNgGSaBcMVp1UoJ2tuu07944.jpg,happy,train
5992729412_84d0b4a59d_b.jpg,happy,train
7421192952_70fb4dcfc9_b.jpg,relaxed,train
7391782362_6d0bfd4a8c_b.jpg,happy,train
8670961586_d0396bd0c2_b.jpg,happy,train
vobgYhYsKlDPLH80Kqq8rpE2WYGgm3166.jpg,angry,train
5211516691_bc564b901c_b.jpg,relaxed,train
8519129250_08669f0ca1_b.jpg,relaxed,test
39273459825_cb5e19d757_b.jpg,relaxed,train
8313746206_9059e7e81f_b.jpg,relaxed,train
XMOPieIENjRLz4k7vwTbNLEGCyZQVa60.jpg,sad,train
456082686_5f9e52451f_b.jpg,relaxed,train
2I2DpnyqzV96rY55fSZWzXytCAy69i492.jpg,happy,test
IK24U64PUkKSZuVy2LxfkgAVCtaZTJ23.jpg,angry,train
yubL63eiiPmoRru8Z2K2yRo0NnGDCL683.jpg,sad,train
skqJ9UwwnCvRUANa180gtwT96rj5kk785.jpg,angry,train
JwVnGRSlRLPEhJsQtDrToWavSVqWhw152.jpg,angry,test
f7vivupD0ujcdOQZ048XvoINieJlP5870.jpg,angry,train
SsZXi7NfSKi5YZasY5OaS2SqkQNXDw260.jpg,sad,val
9mlm8jW9VUEb8q5e6reLdWJW7xf5hN612.jpg,angry,val
3611020039_6fdc2d015f_b.jpg,relaxed,train
8198566706_6b03f863ae_b.jpg,relaxed,train
6217036887_4eda0ca9e8_b.jpg,happy,train
3686724510_7c7b519c3d_b.jpg,relaxed,train
3dYZkmlml2HPq78SPddZlscxuCrPWF901.jpg,sad,train
GptdrCcu1AZZHvdtuV5rQjXlKRDuN3847.jpg,angry,train
5081274283_dbb3bd61f7_b.jpg,relaxed,train
EDcXCxdGnk8pc6LbNHcsLmTTIMw6ZI386.jpg,angry,test
6p6NqTj8nCMeDH9j5KWT7vzDUlIcsk55.jpg,sad,train
G0mWeMtt9aWXycWu4cjcQ3dPILg41i50.jpg,happy,train
eGMDNukHUTcmLsqYe6S2WiTtwthYzP429.jpg,angry,train
RYZCYoHZGiyEnnC8UcPpYez6nTkAcH59.jpg,angry,train
YUplOkJMzPrLTNXyqJp6WRgXzkiLpw480.jpg,sad,test
dlnW2BlV19g8GCkWdbRWV2YojaNY4T43.jpg,angry,train
Ry9Dhlh5fatrRUR3v6sOpG9XKf8CP794.jpg,sad,train
lKAhnnjIujh44sNX5uTua7pRij3LOe120.jpg,angry,train
3594701445_d34eb5054d_b.jpg,relaxed,train
GJ0cAUIZVoeuykruPqUGMyzx7Z1Dn48.jpg,sad,train
5512913123_f8d6c88752_b.jpg,relaxed,test
vX4WhmnDzBvbJpHHShtlLxl1hEynsu630.jpg,angry,test
l1jr8xgJlCpiioWejnoJcZnQLOln1c257.jpg,happy,train
fRdVchDElTKgBD5kmLlz60TALsGmyZ912.jpg,sad,train
xRaW8phQqQQ9MdPBzJkbwLgQenQWJW925.jpg,sad,train
hd0QjupB5BSpsVWYdxOcfG1PbHqZwj527.jpg,happy,val
GSsu6FZu1wtvM8ukXvlanh2pMHIQCX732.jpg,sad,train
DqQPUEmJOqmkMluIt3I53LimnT4VLl165.jpg,angry,train
myRCrwLZMrD3bykGjxfOYOFjP0OM2v475.jpg,angry,val
tNuZAzdINRmhlU5SHY85GnuboqTBcx502.jpg,angry,test
fUs36EiHMxxaPoq7pzpCq0T31928L884.jpg,angry,val
6103606978_6ef5a3c99e_b.jpg,happy,train
8530611304_b0e9d5dc31_b.jpg,happy,train
VsGCHkTR9V0IPX4nOgSi29ithLLb4M754.jpg,sad,train
1221584616_5b161bdee6_b.jpg,angry,val
jRcR6QdwM1ZBjLSDwkrNVnIl3lpE8k893.jpg,sad,test
cFAHQ4D65JYw55gBHSAaT48FLhsyc6412.jpg,sad,val
jXYlXOlWLo8y4Uq2JvyuXBemFFxXgv370.jpg,sad,train
HkFbG91LW27M9xQjaYac6Vvf12SBAy799.jpg,angry,test
BcPBwIMppWvhNyC4T4YqWVKtP7GtjH702.jpg,angry,train
6479060953_784c6c24e5_b.jpg,happy,train
5361942772_3cb21139e4_b.jpg,relaxed,train
6076412709_d6bc02746e_b.jpg,happy,test
VTVrIyrW1IbzqeT93a8UOUcwBhKhml54.jpg,sad,train
6345592150_caafd1fdb1_b.jpg,happy,train
8866718300_c56ac69a28_b.jpg,relaxed,train
pDDZK96ybZhNMRaTbiDVfSV0JV9TZq876.jpg,angry,train
8684490919_1d61941509_b.jpg,happy,test
IsmkcFBp7mYltJpv78ezuneeZGLQnJ493.jpg,angry,train
0dula1RWC0ZyjlrqEwuVHgtxHp5kme443.jpg,happy,val
6832946352_902b3b6401_b.jpg,relaxed,train
6801221967_63415b4b90_b.jpg,relaxed,val
tafyufgna3OsgEuQ9jspwOXuf1ej3k28.jpg,angry,train
Wfclo9Yr05RKVKQgm4UWh00IwPs5NY886.jpg,angry,train
9244824271_88e9a89c1b_b.jpg,happy,val
92xegFRdPjKk3HoCCPHtow6N3731dP898.jpg,angry,test
PSUkg6l2Q1s0O2CESRuFxMuB1PERDR441.jpg,angry,train
gkOz0u8KmwIBiXcDEWIcAMZsTu2CSl875.jpg,angry,train
idudHz5MMpVtLOCpSkYpJxzoabwXqB453.jpg,angry,train
DxkhUi0qrDmUvpCO0W1e5fwouObbNZ119.jpg,sad,train
HQsw77F0DThSuw0W7cFX3h5n4oI5gB752.jpg,happy,train
mQq7VQWntltQ0zYaRto9Bv1hvM6ISm675.jpg,sad,train
sRK3GnnWyF4y7CzLmfmjOCy623pArS259.jpg,angry,train
5683360825_7d261aa963_b.jpg,happy,train
6634776555_f58be8bed3_b.jpg,relaxed,val
IaDbImCvtsID97yTFjmx1dt1KjobXL382.jpg,sad,train
9778eIfJFJvZCrgdtApn4yTGNfdrw3618.jpg,happy,train
oXWo4IncKd70IVJ9gXhJ0wmIUhzakE971.jpg,sad,val
llVVVbZ5CPpLVhkQDi1gb7FUV3Eguf72.jpg,sad,train
6035404597_950d8569d2_b.jpg,happy,val
6791241193_3721fb1255_b.jpg,happy,train
6964287565_62db6b6e12_b.jpg,relaxed,train
8qlKDvyPYpgSjugsRsfdTprgVyBwvA40.jpg,happy,train
fDfglq3CbYatM49HxnaPtIaSwU5R2782.jpg,happy,train
M9V6aimSvg7L3szkgU9FKa4PHZNcK9485.jpg,sad,val
GP7FcNJUod8VkUVDKImgUexgpkqbfc881.jpg,angry,train
chxRM5DMedWWosH0lgTvmAE04O26t1864.jpg,angry,train
7511420496_c60484ba92_b.jpg,happy,train
eVdyFFvDYwr3XYSbMRlY7PllqTuXxM967.jpg,sad,train
u42bIZojLkMPQHye3QnBhHz0N8RN9A478.jpg,sad,train
6153657272_632169fd0c_b.jpg,relaxed,train
5408779378_db6ab66bf5_b.jpg,relaxed,train
t2GHZ47CWWBaJdUXbuRbkVUbsKD2pA539.jpg,sad,train
49794719406_fc4986c364_b.jpg,relaxed,train
6AJACdy9PgBGKOka9bhuVNTvLAt4Ha583.jpg,angry,train
8409817119_6ccb9b2735_b.jpg,relaxed,train
AWVB8SqntediaRyM10olrldDknDoRH843.jpg,angry,val
6NKqxeoP89Np9ZsJ59Et3Y1w6tcXmN685.jpg,angry,train
9769448805_55a18446f8_b.jpg,sad,train
ze6DecxTqp6n1G3W0RC7iYquFpppzM228.jpg,sad,train
89091081_770bf9d9de_b.jpg,relaxed,test
7018897481_1b35742e0c_b.jpg,relaxed,test
5653168416_e977656f31_b.jpg,relaxed,train
CTKES3fxlG8heOYq5vrn0iu1VS3cE7716.jpg,sad,train
9667859727_c14ffd3460_b.jpg,relaxed,val
99453002_bdd708cbbf_b.jpg,relaxed,train
Y7smlh9XmpSQCjQwX9An3sMPFViClp910.jpg,sad,val
HEXbwy89tC4EZc7S8AKRNedCXatIZC562.jpg,sad,train
5693872175_94359956dc_b.jpg,happy,test
8048417109_724c954d09_b.jpg,relaxed,train
39658716382_dafac9cc51_b.jpg,relaxed,test
9267058613_ddac03e6ee_b.jpg,happy,val
gPCKt1oe1aUkDiKVodHepmUm2CT6YE120.jpg,sad,train
4615738035_285f181c35_b.jpg,relaxed,train
Lo2LZm3c3baTACWo5w0GUmX5VouIkw511.jpeg,angry,train
8618354972_289ace1179_b.jpg,relaxed,train
9445245713_bfce6cb2f2_b.jpg,relaxed,train
FSsbc6XtpoNIWv6X5YvYwVnPWrbXMk387.jpg,happy,train
cePNxLT6i9TGfjWLWiT0wsD6qeTHAX542.jpg,sad,train
G1rXsWXds0in27fwQ8eVjvJ49tNTnB741.jpg,sad,train
7834842750_fbf810ecf0_b.jpg,relaxed,train
7462579824_81e6432552_b.jpg,relaxed,train
iYMXB9TAovffBStuoJieSQfJsvnhhI545.jpg,angry,val
uBsKp2vnkTl2eoEhsY0pa6orz2MZB191.jpg,angry,test
OSsZWUEUdyX4Hkfvfq8NudiH1sQRDn399.jpg,sad,train
5zpt5B3v8hgPSHpRxzdxBZOWvgFKTD430.jpg,angry,train
7458273174_f8fffe5b16_b.jpg,happy,train
9LR4KU3lokXQEi2nF2ShCfO5ztigzn309.jpg,sad,train
Pq9KRoH1YG9E046j7wyWHIWzFrSPyS168.jpg,sad,train
6737143405_9c2b5a8b52_b.jpg,relaxed,train
3728227155_7eee83c008_b.jpg,relaxed,train
8151510386_5af6e90583_b.jpg,relaxed,train
9zBfJd5stFiv9e5ItmRmiH981Z8dMd357.jpg,angry,train
1OIYiVdFbBN5bnKkFGCbLyBcuUrpww110.jpg,angry,train
7479129220_20a68f4d2d_b.jpg,relaxed,train
6754482089_e08802b70b_b.jpg,relaxed,train
rvtUAnEYDUvZMtjhcvUrgs3MkoVyhQ692.jpg,angry,test
8069265457_42644934be_b.jpg,happy,train
Imdjmm1ZnUIOzX9NwlkP12T0O5Taq4144.jpg,happy,val
7512612270_f06bd25297_b.jpg,relaxed,train
anL7ILh1zMzlGTCG6hWgRU4CSlZY7H86.jpg,happy,train
sDX5vHPS65PfRDl08i6XcoeAQHcb0C305.jpg,angry,train
dsGeNqtAZQQHZ9sKWaDfCHVzCkWMMz66.jpg,happy,train
KSmTsYgXCYgbT0hsWuuv0MSTl3hb4W86.jpg,angry,train
36345676345_4a1c5ccef5_b.jpg,relaxed,train
syHBnTpAOun1xyfsbcnrciT1IW4cAS366.jpg,sad,train
4942679748_078f87bc80_b.jpg,relaxed,train
p1E2NOmEZlqp4L3St7cDnxkx7W7Kpj513.jpeg,angry,train
ApsYLPoeKvziZ4q7p5MocgWlAoRa9j32.jpg,angry,val
tdC7xQp11ZL9fgO6A6hYd7c6e0MFoo98.jpg,angry,train
8447763193_e1455e9670_b.jpg,relaxed,test
M3uHZPYl2Vi60C7KUtYPwcD8PpwWWo844.jpg,sad,train
x9CKEBAdoimY3kDqhW78Se1KMqVmfz567.jpg,sad,train
BHdBuzJwG8mBVLTz4bVLuBa9ozf2JW342.jpg,happy,train
OAthzJ1KLMZKziWdlQo7lmPca6R2rG665.jpg,angry,test
8167460374_ca4218c1eb_b.jpg,happy,val
DHt2VTp5ZyXyjnU275tRoPNdIEm8l0171.jpg,happy,test
8668912164_5a357d43da_b.jpg,relaxed,train
8G4uZgzYvSiHUnMLWg1kddf4KgbBG6510.jpg,sad,train
7WUOx2qBHArq6iDIAKaB9tcQdiF6Px687.jpg,happy,train
38613062370_79b7e0764a_b.jpg,relaxed,train
423054861_db1f45fb53_b.jpg,relaxed,test
8458940444_a22eaef0b9_b.jpg,relaxed,test
5937043179_2e6d869733_b.jpg,relaxed,test
bMsxcDtTdd03rqnakvSZ9UeD25DW3W820.jpg,sad,train
keeAWvBsrppPuDXV02Z9SIAA8mjCr1474.jpg,angry,test
36948617784_011797f0d2_b.jpg,relaxed,train
7256502746_9254978f88_b.jpg,happy,val
fy3b0OUTwfavGpXkL4A0Ddcu9waZsa17.jpg,sad,val
7273410934_c75f204797_b.jpg,happy,test
D1mLM2dgFkue7sLJVvfMxQTgpbkcRS646.jpg,angry,train
MiRFUv40qGeHVQPUmsmz2K5kiVxCqu354.jpg,angry,test
tkQgH7yPxG0r4Y9Xc6vtrhLsmtYwQC654.jpg,angry,train
kRzxIwnsPX1tr9lZWGN6jbndzWOf9v834.jpg,sad,val
3920293816_1a2e74a880_b.jpg,relaxed,train
ohHgH5xiQsAtMHgKaZKoWsfDQrrZrf106.jpg,angry,train
7265224742_db5bf9284a_b.jpg,happy,train
8074118383_518302f9a4_b.jpg,happy,test
cJUhBsiv5cxOosNwenoJF8ytRiXLb6699.jpg,sad,train
nRkxAEwbbZ5SBufemUerRuhQG9VoUi543.jpg,sad,test
QnegBofkkJ1PBDU57Tmg5Ydohq7xIf450.jpg,sad,train
yTMpnB19f7J5ss9usqxqm0fFO0Z6WL376.jpg,angry,test
g7pdZpWz6oBpsSyBhaKNfZoUPkQ5kn149.jpg,sad,train
7052280369_901c32a469_b.jpg,happy,test
foaNgdz06syTF9W82zs37wplxZNkIg359.jpg,sad,train
uVZgVfNYlC4CkKH9EV355UCtAiDS5o828.jpg,sad,train
49063865203_38041eeffb_b.jpg,relaxed,train
ehskwm2zZfAovxsOYnzT5zJH1cHiia890.jpg,sad,train
cZM9Vtnw3nrcbLjhGwKUNkTnzmzsVG610.jpg,sad,train
nvBvPrvmR4abkG3hq1xOP61FhrVgBq757.jpg,sad,train
SmKhybyAeFoznvcDn11h2543OhTMVe159.jpg,angry,train
k8Kt5v3CiH0Y6NOhyHCkVzuGhkx6sG416.jpg,sad,train
tUYXchv9zW4em9mZHjsp2hvj5wSS3l391.jpg,angry,train
32250026181_aef0acc888_b.jpg,relaxed,val
6675865777_7b4fb660b2_b.jpg,relaxed,test
MaOlsX0yyW0kqJBwS3K3ZOBsMs7M8e985.jpeg,angry,train
4Rrf0DydolS3zAO2qz4GbxDe6M9xB9221.jpg,angry,test
7290808778_a1dbf7a514_b.jpg,happy,train
DvsC5B4vPBMufaix7N3AYUtXOU8KtM98.jpg,sad,train
zAa6HV0MAKgFU8grtOcNflM0zTT9wE863.jpg,angry,train
p6ZOgLcodJmCLCgmJO21YDMjHClEuE848.jpg,sad,train
YqYGU5wInlcbosaYibEcCqMaGqGYeT763.jpg,sad,train
uZ0oQJixE50aBugrAHnnVte0co2vRZ529.jpg,angry,test
gIW6Dnt0y5bF3zwZnazfj1hstQZoSS705.jpg,angry,train
37167398380_30b1acc4e5_b.jpg,relaxed,train
34589014770_87320f2c1e_b.jpg,relaxed,train
1FqOKTZh7f5YIqx7gffFH3zNx86BOq922.jpg,happy,train
Wb7VWA2uD4L8QQkVZRLclxyOMOrhij943.jpg,angry,val
Z1LvV6pZShKUjgtpuTqjPpQixzJWXi148.jpg,angry,test
bCjuL5t0Hd7hVuY2YDA8ldbGexKM2Y277.jpg,angry,val
Anl9hvLoiwQlVBbxWo1ZmFuKfeZWGi9.jpg,angry,val
9267024899_e30c026179_b.jpg,happy,train
kovcYPOhW16JHFGOc6qxc1OXdkDMc7385.jpg,angry,test
7303081742_075ff88529_b.jpg,happy,train
6033836906_4a66350519_b.jpg,happy,train
dTrsQT2cpGyt36w31hC6IfS1OH9oPJ123.jpg,sad,val
7106674899_41c6e96dc6_b.jpg,happy,train
ggTn42uS7kh48DOPHxKw7M8ijSSrSG17.jpg,angry,train
gP3Uax22GaLJdw3yM2AZ2BRC4PlBoM119.jpg,happy,train
6101229118_92a24106c3_b.jpg,relaxed,test
kVfcFBhrzgK0AsNiMVxioBHhbOvn9D472.jpg,sad,test
3466193117_b2e632ac1a_b.jpg,relaxed,train
J39BTbbBYf51QWiOxVCxscwkP6k2WQ503.jpg,happy,val
fVHfjOjVzoX5FgE7JdNFgaU14ojpVI90.jpg,angry,train
wLfoSoR3skwGpnyATUzQKieaBj9ILo717.jpg,angry,train
6624301499_9621d42efc_b.jpg,happy,train
40Xh9aRGHSRG4eZartYO8aX4mznUVm395.jpg,sad,test
6663808677_40708bcf46_b.jpg,relaxed,train
40124532095_804de523fc_b.jpg,relaxed,train
44072914195_a347abd53c_b.jpg,relaxed,test
4LS0Wkj6Im04WB15nxagDJ9wYHrYCl216.jpg,sad,train
8733086612_050bc42515_b.jpg,happy,train
v0ie27ozF4R7Q6HJvh1KBJjRWYClRi489.jpg,angry,train
viZNXtXrE5VO9WY3lSgRwwT39RNgrs396.jpg,angry,train
3ATa8Ox9pApGol67I4hCHo97FSEDw7350.jpg,angry,train
3177531986_792a04ea78_b.jpg,relaxed,train
HrP8iOcF10OATfpP02p1el587dO9qS583.jpg,sad,train
W5vXzwY8fKAHsORtARyZcmFV4II87p154.jpg,sad,test
di7zVWg9ukiJDrQcU5aygf4qFbM4Xt271.jpg,happy,train
41196049815_491d24a65a_b.jpg,relaxed,train
sTHPLDBOYEkLGD5zauf3Pi7F1GnnBa691.jpg,sad,train
3UDm39yJJ5hnt947CUEAhkLVOE1skm801.jpg,happy,val
8415676440_b67e298cfb_b.jpg,relaxed,train
8125325414_04d68557ea_b.jpg,happy,val
urOzVR5BkXZXlwUQA2RSSFIUJqbj5I809.jpg,angry,train
l9HZ2hlbvQcw0FRlLXWYjGF8N0UuY5737.jpg,sad,test
eW3Ih4hheMrSQTPLON8t9R6DHrsLoB855.jpg,angry,train
JXTUwyNJqosKQmAxczmXnw60kBQCQj341.jpg,sad,test
JpOuqF2kopFqOvz5X3yHRwuEFV2Fyt473.jpg,angry,train
5048224182_9d8f4cc9f1_b.jpg,relaxed,train
382650306_e72e6eb79a_b.jpg,relaxed,val
t6s4OxrH3Emx3GikP7CPUMU4IEFbIz373.jpg,angry,train
1WD5LzIEQw2bdLjL1xwebrHxKWRv0u418.jpg,happy,train
CUAG5esSfU8RSZjstdHHe76OH5vh4m489.jpg,sad,val
4662138343_bd7b6f1263_b.jpg,relaxed,train
3vwTOo52OKyrQnvQcosFOfZ8OJb557812.jpg,happy,train
qrBO4AhfqUmLVViQycLFAEkljePESV581.jpg,sad,train
7253216716_09cd7f1379_b.jpg,relaxed,train
gGnsdJjO7wHrfBEHoSXjXZNlBi3vnp89.jpg,angry,train
8026454442_9587b3ce82_b.jpg,happy,train
eghaZlxykdiy5GEaNnmZvdoc39QFXf35.jpg,happy,train
5999153975_567a5e9a9d_b.jpg,happy,val
AWkHoxzBLKgQh9nh1l7soBKYlMTmsa198.jpg,sad,train
gQMTMQLn49JFUjAf6JdL3s076TqZZs842.jpg,angry,val
9YUyWwRVg2mwy8xV8CjKAAw7UK4NOP107.jpg,angry,train
PGDuEpArq9GUvDchWyfH7xOm2iVGx6384.jpg,sad,train
6016899_16af220d9e_b.jpg,happy,train
X2RydBzOQf5U3QXC0dt7p6jVmHZfgR771.jpg,angry,test
2JshHf2MffRx6A4rDs3gumuxM0UG5c744.jpg,happy,train
cu0zRUqDxdiVxn3wJAFW5GtCweexPS599.jpg,sad,train
4353298285_0fd5307d82_b.jpg,relaxed,train
qYqHi6HuQWbIqAJtcQeLL9pEAaG82I606.jpg,angry,train
4mUrzX83SqXybAgW1qJePnTF3mB5oF843.jpg,happy,train
8CeGJBGPEDl8Goeq7OhdYNnw6ALTMz144.jpg,sad,train
EvZFy9VoHY5C2tegoegFmjx4LbS1Zf681.jpg,sad,train
Kd3fQipWcQYW0OHQe5pzpRlAjnX4e2116.jpg,sad,train
kVDMS29ZZOKypMq5KImqM2gsUv7zTz246.jpg,sad,train
jVewMdws5u8z2F7Tl7neTvwKJJ9xGj339.jpg,happy,train
s7jAS3s4SWdtByw4Q3LowcwogQDcOv876.jpg,sad,train
6633000783_faa8d02466_b.jpg,happy,test
3374602515_598bf1fff8_b.jpg,relaxed,train
1GHtV7mn7v7qvHSx8vZy1vqYiZNQhd689.jpg,angry,test
rqbjTsVWkkpItyE3vIrLkXN3Kj1cHs217.jpg,sad,train
78614109_144e958fc9_b.jpg,relaxed,val
7862393636_0a9c02ccc7_b.jpg,relaxed,train
3dXChGEeAaDWTxykKwtuC4zvJIN1Lg724.jpg,sad,test
XVrv7a4vjP1DVWEi2jiONA94AAWfTX247.jpg,angry,train
TRnDT2ksk7eFC3UQ6ceWO9hy3ozyIv960.jpg,sad,train
0qsAKugWJt0CSJU8q3YRAu9oH4d6ve716.jpg,happy,train
5362134689_25624f0d15_b.jpg,relaxed,train
EEFMliJJnPoPynMX3yO0dx2AdhJ5t5929.jpg,sad,val
ySkhMrQxSvdHPCSwnLtOkLdPHkykAP928.jpg,sad,train
IA4cU5CosZNc91pwXVbETd2nUJkClN814.jpg,angry,train
2ro8Ef7GSLdrTEZ0TOIbvKrahi48H2974.jpg,sad,train
EHV9fEkyWuLtV6RsPlJheqRgzUKG4d357.jpg,sad,train
XljsUog1p9qYm1nenDQAmIzyBaYpBv775.jpg,sad,val
4826769551_ee2a523683_b.jpg,relaxed,train
7977460310_a53992b72b_b.jpg,relaxed,test
0gPGcGO2OZ5pSKJ2JsTjQsggUdYr5J831.jpg,happy,train
hm2wZscUh7LDCifuMhZZuWNeoBesHK981.jpg,sad,train
51617873922_0ae0947445_b.jpg,relaxed,train
wly29pLtM152tJiKR1dvHCMyXYTf3L642.jpg,sad,train
7449473236_830d7f244f_b.jpg,happy,train
32069756152_0deae9a51d_b.jpg,relaxed,val
0fmy0dTY2aV0kGQ8UEDgWDrbGyxnac904.jpg,happy,train
5474949959_2ce4580f28_b.jpg,relaxed,train
NqZ2jObupb5ZnAfZGZsGkC0pAERKKk990.jpg,angry,val
iXXgDgKGcrAPzt471SvQWd6NOg1nQy847.jpg,happy,test
b8Q9m1DOJhdvbbwS0hWoalftgvUvPd963.jpg,sad,test
5861366890_782581b519_b.jpg,relaxed,val
BVON90rM6SNS7ARx90cG6uGBzckbm4577.jpg,happy,train
4zcqaJ93Qzf6QR4HGCnazs7CYvUdWC944.jpg,sad,train
gtammK8tgPCUC3k41hSwm4Cv0fdhPO412.jpg,happy,train
8367242286_8a15f4bd2b_b.jpg,happy,test
4jis4FZsUWnQg2RuH32cTguwHVruoh401.jpg,sad,test
5552361482_4810bf9607_b.jpg,happy,train
3198184581_8e6e6aab2d_b.jpg,relaxed,val
9710614809_b593dc7911_b.jpg,relaxed,train
8hbzAvPkZ5Y5CNneibpxmtsPw5RzSl197.jpg,angry,train
8042307345_692684a05e_b.jpg,relaxed,train
75ErcUylPn8y392gYqZknTu3HPZIEd385.jpg,happy,train
H8ZBklm0XJVBaLNA1uxpbcsVE0MhNt802.jpg,angry,train
wFTUoVpaTgjMxkBcCTrtTznc1X5POK113.jpg,angry,train
BRx5GNStEsZs82FZWwlitaAwBSjTY970.jpg,happy,train
3kjfQ3dDjZvjQYNVuheVcUgz6IRzTE704.jpg,happy,test
42883863785_1398cb1c6b_b.jpg,relaxed,test
GfLyRwT037dggZei32yS9akzZGxbmv402.jpg,sad,val
5592509986_06e63a8509_b.jpg,relaxed,test
hhoraKJaIkuDCc4HbtGbKeHR7f6Bn669.jpg,angry,train
51114744715_3272fd3abd_b.jpg,relaxed,train
gSZB8u0oUr9SvZLfLWqWVi9tcxLfvH282.jpg,angry,train
7570915166_d4770e4527_b.jpg,relaxed,train
G2FO9u0OWhUy0gFzrH9SGrhxzfFdOe777.jpg,sad,test
ss60VzxVwXioCAMbFdEZlTdWc3Tzgg987.jpg,angry,train
7745855184_827ed88b5c_b.jpg,relaxed,train
7589753254_ee8544b568_b.jpg,relaxed,test
0RXraPIKC00Dz1qkuMbj8XbuR80g5Z893.jpg,angry,train
Mpkere3TjoRiP6Jx5DQGpXSa5wA8Fx701.jpg,sad,train
39499689084_8a8f288efe_b.jpg,relaxed,train
ICDXsTb5htzCwQg7wEEurTtMpmYKNm590.jpg,happy,train
VFbzMlD1Kw1b9ewPJsEhyZir5jhFYw922.jpg,angry,train
pgAHJvEDFbkZT3FoapK6zgw2KRJuli504.jpg,sad,train
5yKXair8ijtbllKP1cxqOIbaddP2yc310.jpg,angry,train
8naqwbNmU5wnO0Y75MW7KtrjkMWMK7649.jpg,angry,train
52023627980_5aa359a9ec_b.jpg,relaxed,test
9548966528_bb7a6892cf_b.jpg,relaxed,train
VpfaB2wz0qxStkmOqJFa06Q82jtyAo660.jpg,sad,train
46643472394_f203cc10a2_b.jpg,relaxed,train
KjTXSxVswZ5LFeuY1XWOStfUbOCmXs85.jpg,happy,train
8703457710_016a47cba7_b.jpg,relaxed,train
a8J69RS9B7L0QpVoYN5BaGvxeEFbbZ613.jpg,sad,train
32038496571_9f4d30889f_b.jpg,relaxed,train
838678655_8a5b3d33ee_b.jpg,relaxed,train
JI7X50JUfoC76srtFt4EmkeugehH24750.jpg,happy,train
CHHhsQN5PybrnXecW1d3dPl4Vf8378461.jpg,happy,val
mCjXmADXJbdqGHOCeNEke2VGKWeLua422.jpg,angry,train
J0MYahhIqqpHAmEZtg0GtwD4i81ndY531.jpg,happy,train
7587169260_37e4247801_b.jpg,relaxed,train
459588228_1f598c60f1_b.jpg,relaxed,train
7040626493_14b7fc69a7_b.jpg,happy,test
vDmNV5e0EGDhG4lpUyd2z8YxWF8tIS251.jpg,sad,test
1TrpN5SuraWqXW8KjLR8oWoPuHQqBR217.jpg,happy,train
6075189935_1da53450b4_b.jpg,happy,train
7142357039_4f246ebefd_b.jpg,relaxed,train
43535775192_34f6739585_b.jpg,relaxed,train
jEzHNEd5jOApTOyvJgKl8096NMqE2D956.jpg,angry,test
ZjmdOB3mlc7m9EJuipwGYPzQxVb7et434.jpg,angry,train
8851343757_465a47f8e4_b.jpg,relaxed,val
lKoEyqXt6aTAyNCtmIwyQX02AXPMBv58.jpg,angry,train
36150881473_dfaf1d6b63_b.jpg,relaxed,train
8572954043_6609fb4a00_b.jpg,relaxed,train
dC53tzGdmQ1vbMu8kLMgR3WXAcfgz3346.jpg,happy,train
9157240657_8b6379971d_b.jpg,relaxed,train
86bnkcU9BCK9LsB21xQP3iMNs8Ne4R409.jpg,happy,train
7177630198_7b2f7e9e29_b.jpg,relaxed,val
6627751_1b3358fb1b_b.jpg,happy,train
5556199354_a49463f134_b.jpg,relaxed,train
7380844632_6b782d62a7_b.jpg,relaxed,train
CQ8Q9OYazyvs4oq1E2J9c91ptjwK0S489.jpg,happy,train
Qa9vUuHsaJocAmATh5C44bmwGX8Gfl272.jpg,sad,train
33254130_55789e5e69_b.jpg,relaxed,train
40873657371_b112f1d3c5_b.jpg,relaxed,train
w8a9jaolLZwE8yclGRdEA6a8jzZAzQ149.jpg,angry,train
3410099882_6df8a358f0_b.jpg,relaxed,val
UJCnSO4DVUpXlq5KBN6ixBfJrSWdxH572.jpg,sad,train
69154835_2b8653827e_b.jpg,happy,train
8764900921_d2f63485ae_b.jpg,relaxed,train
Ky9lq8Q0BD9TEh5fOBXInzcyaIknbY255.jpg,sad,train
429144114_f12a52ebb3_b.jpg,relaxed,train
oN9Hs28y01mr0eGR8E1I5EPquMM3La969.jpg,sad,val
5701169111_693af8d83f_b.jpg,happy,train
K4Fvd7evEXagLHx3mNpDbBcJpBJbU6573.jpg,happy,train
5882480107_f57f1f529e_b.jpg,relaxed,val
PeduqpbMwfdw8ooelKV8Dhrr17lXkB433.jpg,angry,train
7362024894_7b035f1bbe_b.jpg,happy,train
V3ifWi4gW5E3fDtcQ1CjDDYSGwnvRc787.jpg,sad,train
w7AIjHo17DofpFfhXXUSJTh6Vi6Xo9393.jpg,sad,train
wQLVErLyU5ArMWMPXTdrmZWOPZYvk7305.jpg,sad,train
40215169135_8b2e9c9fbb_b.jpg,relaxed,val
cnJkEAKi7L0CPA6qjojxui6GTZ8tLJ241.jpg,sad,test
G14qBEXLLKOKv49Aa02Y9uSlFZDSgT323.jpg,happy,train
xqDj5CasfZ5aQ9MJ9BknZBJjQw4ExB317.jpg,sad,train
8v7kkuv5jCwnl55fLxoT0DqIe6pjjA879.jpg,angry,val
9336455536_55c804c40a_b.jpg,relaxed,train
4La15qHCAsbVdco3VNwgXYAGt6d0WD324.jpg,angry,train
3695222386_d06922bae6_b.jpg,relaxed,test
TA5RZ179gG3poh2vVF2s7EEjDylab8891.jpg,angry,train
7330071828_c073dc44da_b.jpg,happy,test
itHyCAlnEFcNPbfxE4alaDzARlDXny389.jpg,happy,train
ztwzdxN8wasf9ISldQLOIIIzvnK5As948.jpg,sad,train
2U0HgJka71cxCZzwxUguNVPnNma8IG106.jpg,sad,test
Dnvz8OOfEgRD07UgmX2CsCYSAhIgxR24.jpg,sad,val
7983558822_fe16dfee4e_b.jpg,happy,train
IYJnvZSMBIRxTTWgQpIYarqXJcp5AZ717.jpg,happy,test
7381814044_1db0b3c286_b.jpg,happy,train
6898540182_32cccd3e44_b.jpg,relaxed,val
uTpk8oGONJFp4khoYyi2yUpyRqM9cm956.jpg,sad,train
CeHGvtA0yYxHOuJyJYsGJduw9RMwSf801.jpg,sad,train
8515884514_f6407a1f9b_b.jpg,relaxed,val
HXhJtVoYDNkGZoSfmIQwzujk24Bw74220.jpg,angry,train
KtX6RcyAAB71RmzQ22vIfBGFhKw451691.jpg,happy,train
GKlcqhV33WhGmEWDq7cvwIacFJzoiA80.jpg,angry,val
9960487016_33df209c9b_b.jpg,relaxed,train
gGFAqGZALLCUN8NX6spRWIrNoDtJGh843.jpg,sad,train
51820270727_c4e6ecb9c5_b.jpg,relaxed,train
aRAldipsT6ZdZsOBaIoELzb8cpZog7121.jpg,happy,train
6063364560_7636ecc0b6_b.jpg,happy,train
SkMCOAncGK9H8XU9uz4JycGyqApZHG392.jpg,sad,train
32452863451_7ea09f38dc_b.jpg,relaxed,val
SHXXPvx2TzOdBMLR4076QtofdGN62E433.jpg,sad,train
5218256502_5313e8880e_b.jpg,relaxed,test
eYKGBlFQLOooWUvoHm1hj0Q1xIfrDO616.jpg,sad,train
7514033652_7d82f66a71_b.jpg,happy,test
g9xIFVxdn8xV7F70CPEdRtrU1tGr5h79.jpg,angry,train
bf1L8V6im6U6ZAFMmeYhzAyfXigZzg197.jpg,happy,test
l10lwfWRUbVXDNXK0g2x16xZ8bVLXf799.jpg,sad,test
3729708432_8830e339a0_b.jpg,relaxed,train
44432338641_2be64699da_b.jpg,relaxed,train
CUBg6iNUE1YG85damvDtssflKJVVjw125.jpg,happy,train
32426717777_985e77d779_b.jpg,relaxed,val
E4xWmPoM47dKBZ9eJHyN1wWkDX9VeY655.jpg,angry,train
7125415339_b622fd1e7f_b.jpg,sad,train
36301992646_1533884f24_b.jpg,relaxed,train
RPFLbQbuZe41an8nzvTk5PEcgb40aH455.jpg,angry,train
yRcom7uaLXI2FP5k0YzQ8xdjGFuSiX670.jpg,angry,train
48782268307_86d7d1b586_b.jpg,relaxed,train
35345006715_cff82b7b16_b.jpg,relaxed,train
99C7YXdJpttwiltHw95xaYgVzl8ihD840.jpg,angry,train
L2cWJQKwsqRNoMQJTAa384G53xejri555.jpg,happy,train
i1ArcQCWnPaXYMzIsV6cJ0sLmd8lNg272.jpg,happy,train
9mnmNC36nCB1tCaD0XS8Xl6Fle212i972.jpg,happy,test
g5Jy6XyrrHCuYTRw35rXDBXilXwgXs901.jpg,angry,train
QRqVRU8fBCzw3nv3eUyqM1h0Lj4OlY135.jpg,angry,train
4026173109_23aeb76809_b.jpg,relaxed,train
4KkL845bnDNsR4oDDV2a1cM4zUmDzP836.jpg,sad,train
nDQfrPwlh3HyiRWkgnbOAZaqJxbZRU867.jpg,angry,train
4274998819_fa06f3329c_b.jpg,relaxed,train
7fKqwltH0eKrEYv4wxu6C6G8MANl41815.jpg,angry,val
MR60V7xsNufWHunzAENLYoxV87D1ge193.jpg,angry,train
cn5XveEZjHJLNXtTPMNqMnT0pQ2vE0205.jpg,angry,train
T8vG0we4D1gCFHCcNyTfiAfBKAd29h307.jpg,angry,val
GKfGWLqruQOtwx0XR2OBciDOB6Uu30427.jpg,sad,test
Tx4rLPmB2KSCQyJBgJMiNgNEqODzs5874.jpg,sad,test
8426114066_23b6daa9b4_b.jpg,happy,train
52080291160_00964eb50c_b.jpg,relaxed,train
58kYQ7NnWWMNfvcWw7UeMBBlIbdqFI863.jpg,sad,val
AAgt56VDVsjCevCqVEn7vI0hJryBG3939.jpg,sad,train
8654509560_aab0b55af5_b.jpg,happy,test
MuLbscqTVy6kApiejjsdMfIJM87kJ7991.jpg,sad,train
8412210078_fc2759d4c2_b.jpg,relaxed,train
WzHe6TYaCG0x05rw2Tkv7gIk2PEVId276.jpg,angry,train
Bo7NMEWoMPlYxphz3cKBw0ucO5tXNH60.jpg,angry,train
8678403201_e3b408da30_b.jpg,happy,train
7342405582_74daf6c7f5_b.jpg,relaxed,train
1KdEGoZwPog5YjCMf2TiptauslILYK862.jpg,happy,test
3525672595_6d05fe4b80_b.jpg,relaxed,val
6847140756_5d24f59315_b.jpg,relaxed,train
bk7eXW6uy7z1qKN5buF1nscdEIECrU196.jpg,happy,train
7PY9vylVegD8NXJdE1xjzLy56aviBh133.jpg,angry,val
qh2fY7dARdO3NhGygIks82TcoZT2CL129.jpg,angry,train
JmcQS8XV4lLMO8TTv3g36OfiJRRdMW312.jpg,happy,test
0C5yo7GxMy8lztxNZvSdfEx2gSPRTR701.jpg,angry,val
4FzfK8eNnm7aLxhjc2WT90ClufqjgR658.jpg,angry,val
fIic7CB70Vws2ixbqP84ONWGgmFJrZ459.jpg,happy,train
LE6CLeDvqQodT3xjKoykVdULtEdLTr255.jpg,angry,train
0dWl0dRT9Pc98fjFSvGOXlGlE0B4E6267.jpg,angry,train
6902251296_25a27a1ee6_b.jpg,happy,train
zH4dvR3Rgbw8OKJ79w6TD4nvGMvuHA765.jpg,angry,train
7113608677_1c7f40e367_b.jpg,relaxed,test
CsvXhIcd155h45tJOxbGFjObK6AMfp941.jpg,angry,train
5794517529_e2bc214506_b.jpg,happy,train
7078639727_5dfd1b6ba1_b.jpg,relaxed,train
DHQnRC2UuPkUMdeB9fsN9Q6jVhw4c6627.jpg,angry,train
1GGtLAS01we54bTqKd1HFPORX8qO5B458.jpg,sad,val
61985143_63ace9ff64_b.jpg,happy,val
EurOl9Ci8ME1quUU8B8pQsOCboZeqt281.jpg,sad,train
9486598266_a151f25522_b.jpg,relaxed,train
6905077926_cf23d63aa3_b.jpg,relaxed,train
7891943320_f71a9c6a44_b.jpg,relaxed,train
9290850007_b4e3ff60c5_b.jpg,happy,val
aS1Dx02imSdovcFmF5wvGvk88yA2aN176.jpg,happy,train
QIZHgDuerXQ0xFfJAcmPFNaBMNeZBG646.jpg,sad,train
z0ailL9OQUli1QiZvmVCHQ6IR455Ka492.jpg,sad,train
8186912130_28b030acff_b.jpg,relaxed,train
52bzHF5Sl2HE0D2iCXHCdGn6kWau8b97.jpg,sad,train
G7VrjPySFkyO860srRyy5kIuk41dqW872.jpg,sad,train
3374598900_37dcb411ff_b.jpg,relaxed,train
Ehz2tmtB1i8aGoQmHLG8n4tI7CCjqV347.jpg,sad,train
51731621827_65d812cfeb_b.jpg,relaxed,train
3344892715_99e3a3ea62_b.jpg,relaxed,train
fSJTnASvig3kks3o3npWRExZyNOPhk753.jpg,happy,train
7275165354_010c61c0c1_b.jpg,happy,train
8300561950_32bd718b0f_b.jpg,relaxed,train
9511499761_31514c0e60_b.jpg,happy,train
iqGZOT983DCO5GiOeCUofw1J8AiRTd455.jpg,sad,test
5909021021_9820376416_b.jpg,relaxed,train
7553763270_4450c65400_b.jpg,relaxed,val
8569288277_befbd80d2f_b.jpg,relaxed,train
Pmdf4R9xGZytzgQ5vt5crU5u4ZiuvI537.jpg,angry,train
40NKzlwokanDwECFLxawOA2Omqf0DV988.jpg,sad,test
8942191108_443aed2509_b.jpg,happy,train
6wio62J04Zs99DWDtowrYX8ROnJ24j561.jpg,angry,train
4747667770_2f956118c0_b.jpg,relaxed,val
0ikk0OqY4d6Rrs22YJoL7m2UxDeWzF254.jpg,sad,train
6247864485_c7cce1ac83_b.jpg,happy,train
coQVGUYBZE3GA6uYo4JWzVm1oPFX7f354.jpg,sad,train
cyUKneTqM6NkbftL1frU5bynMvqCqS164.jpg,angry,train
46haMzB91DUHJuyGmouIFImnGxUvnQ880.jpg,angry,train
MXuMOT4neC6Nmb9wgS74GJcyjTihtp755.jpg,sad,train
37897918671_36d05f45d8_b.jpg,relaxed,val
42955989105_151113f46f_b.jpg,relaxed,train
MVJq5jZmJrocRJNqqpjgJWNyYA5RzC249.jpg,angry,train
8A4OpAdg57P9myyTXj8Sw2r3QzMr3P319.jpg,angry,train
40123287214_0476fe2cbd_b.jpg,relaxed,train
6954411242_e51944b3c6_b.jpg,happy,train
dNaQZzz32rXWdYWHP7pmSXyDDFzZzk955.jpg,sad,train
33452700146_48d9fa2ba3_b.jpg,relaxed,train
CpbOmbolQnsNiUIn2tFI7cdstCkygi703.jpg,sad,train
4WhkyBBT1FM9TnH3Ts420aDZhe1z83285.jpg,sad,test
38106674505_5c2c333a3b_b.jpg,relaxed,test
lPUJbd6hhkCYNT07cmJdCGyOp0maDN243.jpg,angry,train
ceHtraB1lucoqyUsdK5T7vyho6XTIP743.jpg,happy,train
LOPu2sRiR3szfgmdgRQEAj2RBL90L9931.jpg,sad,train
0nnw7bI4BVPnvub2zkBwH5cwAmEe9Y1000.jpg,sad,train
dWpTU1jitXhm3DHDoTRpCRdAMiRiYG579.jpg,sad,test
dfotJqRwZr1yDbfTIMDlbtiZflCbcs962.jpg,sad,val
G7uaYQlTfZiZOej7Ve1SyfvT1Srxv9554.jpg,happy,val
5450832651_b0b910a39f_b.jpg,relaxed,train
qOqMxZuPzrxyT0KwVM0hy1UJRcPdbV389.jpg,sad,val
zGZDewph699wNh5YGzypBdI9sMRpVw452.jpg,angry,train
bvwnS7B4KiHtytnIwKZmftk2VpqShR914.jpg,happy,train
561321836_e69fe7799d_b.jpg,happy,train
5635281210_8106b0af82_b.jpg,happy,val
y0lQx7sHxD5YUdMQSAEhDeELXoafGt239.jpg,angry,train
7469368698_b47a624be0_b.jpg,happy,train
8356569880_c2be30dd83_b.jpg,relaxed,test
9283670512_f48fa57fa8_b.jpg,relaxed,val
8199639287_dce2632b0f_b.jpg,relaxed,train
hkk9bM0SNnAztCb7brrLJaSmK434qw382.jpg,angry,train
3986797170_52bfd46c0f_b.jpg,relaxed,test
1LmcTejRp8jgHZo3nbPjgmO34R2J6T153.jpg,angry,train
LhZpkzRMipRWSsiLwxTI9roCvBcYHh534.jpg,angry,train
MLmPp9j8SotYNBZU4IycgcltO1aIDn783.jpg,angry,val
TAb5c1hCr5sjk0EQuQVVxIbbgqvjt5745.jpg,angry,train
3e7ne7hPR6zHzv8kjUkZ0DKoJNatJX22.jpg,angry,val
Q6YIyg34NM8XAS82uks0NIdiIrPTDJ398.jpg,angry,test
FMnuioVr0qG4txo9WQiSyHOdJfYJWN903.jpg,angry,test
8422534126_a6a296a20c_b.jpg,relaxed,train
IVK3El9s7GrBIcmlGonYAjDbvtTsPB778.jpg,sad,train
7034655341_2e34f00587_b.jpg,happy,val
JSBUGGeJWBeoMTLwo9MusLUcAGoNKo195.jpg,sad,train
PmM7uMpAn8pQn9rWOG455vhSsUT0Xv730.jpg,angry,train
37222061_fb6debe308_b.jpg,relaxed,train
7059359527_cc76eaf6e1_b.jpg,happy,train
9220880343_ec7184795b_b.jpg,relaxed,val
5718598809_6cc2fcdafc_b.jpg,happy,train
gmafUbMW7DFrwm9OeWm7ysdJh6m0a2214.jpg,angry,train
2ZPv4ojTV9BXHf8L2fxDgcNBKV8an1314.jpg,angry,train
6KmbEJ35vdwszk94FtPpFdTJzD1fNq902.jpg,angry,train
53818398_78f237f8ef_b.jpg,relaxed,train
5892668637_c9d5e6a850_b.jpg,happy,train
48036672261_2f8689a771_b.jpg,relaxed,train
4657038395_71322242c6_b.jpg,relaxed,train
6138901141_76a760e2ed_b.jpg,happy,train
E6PKv0VG9Cjq3PYv2FtOqh4GIlleeP332.jpg,sad,val
485401932_aa8a8102f6_b.jpg,relaxed,val
9130585473_23b22ea41e_b.jpg,relaxed,train
ICUnKVZQ46rytjN1z6OFp42cp7SMEG302.jpg,happy,val
FGCPeGRQxsMZud8wa1xBdvUC6lMM7H364.jpg,happy,train
600333538_bcf094f3a1_b.jpg,happy,test
33225264012_730ceb3f4d_b.jpg,relaxed,train
oTOfTdKzos4gdyphy6Rzgt19umKUzh475.jpg,sad,val
OIGV66pSWcJXc9ThttlNxRGiYClKIR62.jpg,sad,train
mLh6kehLTKSJGzyoOJjN9fh9qEFqMH688.jpg,angry,train
4774144816_4c66d668ea_b.jpg,relaxed,train
8065309658_4cecf383f8_b.jpg,relaxed,train
9606231_415660860c_b.jpg,relaxed,train
8364656768_2a2fd64464_b.jpg,happy,train
7034113031_d4509545b1_b.jpg,relaxed,val
IudvWlsZ0T5lZXpRjW1NDpXeyO3HZa110.jpg,sad,train
OwfDTzuJNohCj7WRCUMuF7ZpsjGnKB443.jpg,angry,train
8879077447_420ee8b5c5_b.jpg,happy,train
6Usi1yUirS2AUow5NXFSBm9Prs15g4449.jpg,sad,val
BQH53pPZ4hcqrYjjlMkxJbhFgaye75522.jpg,sad,train
3PyNfP2EpwpagCqJeR4QjBaOs2Mdhh954.jpg,angry,test
OS2NHcjEgmBcXt1I30FZrCXu8RvlFp747.jpg,sad,val
ragugZuuMEvt43mlvGq6AIlsOIiwxW339.jpg,angry,val
5jd0dXSu0xpdn1mL6RXx5V6bZn8Bkl145.jpg,angry,train
R7BPhZg1PZKVLEjmm2VemLfAJPCtAs860.jpg,angry,train
K28akQ3o8OSiAoyHRQxenLmJhXr99x756.jpg,happy,train
eO3vBPOCr9xAspPkqlyZc2Hd50LaF547.jpg,angry,test
EdcqLq0oANgEmYFEuFkuUWbWLEPUjX200.jpg,happy,train
HffWubqROvueGYHhItQjdvPVXrJaCi485.jpg,angry,train
Ypr5JzbA1KpqkjBoHBybspkAhkPTKr960.jpg,angry,train
3208446632_8efc95ba0d_b.jpg,relaxed,val
3404338350_54b9d9b955_b.jpg,relaxed,train
3WI5ki3KdjVgy7I95uoMXpMoZUmgHO932.jpg,sad,train
9858396533_56a3fbab2a_b.jpg,relaxed,train
uIf1zgvCA3zjVdzwYkkPaNJ436um4l271.jpg,angry,train
4107525350_d24a130b10_b.jpg,relaxed,train
jezLEV6RtYIfi5htya8lG3MTeut0K7218.jpg,sad,train
2tGMhtdM6yMN3Ih89Z389Dc00mhNvs234.jpg,angry,val
4216803085_e9d6b054d7_b.jpg,relaxed,test
C22opL1qoIIP0UImKJIwb2Z7jBr8X4462.jpg,angry,test
8709043490_c0d8e19a4a_b.jpg,happy,val
3892936392_48e0091420_b.jpg,relaxed,train
7084505167_2b4e755aa0_b.jpg,relaxed,test
48qgITMOh0lHKnHN7hyyELMudzWKTk465.jpg,angry,train
jrtBs8rh9ZD1FGHjm85CnP9d6pX8to826.jpg,happy,test
8980920925_b8dd8eda48_b.jpg,relaxed,train
GhUMiIbWPygW0rlVpP9shqXstnCR1H978.jpg,sad,train
4550262218_44d9e0dc5e_b.jpg,relaxed,train
983fPedSmMnSawFWyRrA8VUsvDSx2i261.jpg,angry,train
Vheq3HSc6FaCKM7PWaQYUMDPywXAG7883.jpg,angry,train
4235221492_65976f9339_b.jpg,relaxed,train
39976348225_149cdbf6e7_b.jpg,relaxed,train
uC4HybJ68NUkOfmFtapyGqDD9IMydv281.jpg,angry,train
mXmwDnEnciurfVsiPnvq3ilRitWtfC179.jpg,angry,train
5568370203_3256498a9d_b.jpg,happy,train
21oa6sdLRO0lBE4FRRMLrV20p1jZhg102.jpg,sad,train
AP5bRBRPIBANVAlqP1hILHmXIcrQqx967.jpg,angry,test
DPDDr61sv1EttkSJhPmuByvhcXhYNN767.jpg,angry,train
7438807848_2963ea1b3a_b.jpg,happy,test
35063335362_713f45e613_b.jpg,relaxed,train
KhspayzoyShGjNOEA1OZakQTMnPhCH77.jpg,angry,val
5970962427_08d38f0175_b.jpg,relaxed,train
0cjzKFh87NicryFRQNosyQlRq408by655.jpg,sad,train
7782892622_8371586bd3_b.jpg,happy,train
9171551525_ca62e82db3_b.jpg,relaxed,train
40677311963_71cd9ecdb6_b.jpg,relaxed,test
7413201982_fe63e65ef7_b.jpg,happy,train
Z84H3Lv4NTwLWcvkzAgABNUoy3Lkhv864.jpg,sad,val
8510703282_5652620310_b.jpg,relaxed,train
VUABD2OMapsJrT9Z5j3WBrljnR6F4G920.jpg,sad,train
40836446035_bb23356b8a_b.jpg,relaxed,val
K05VxjyZpMSBGVAaqyaGyWqEe9TsrY183.jpg,angry,test
39704939591_06536435d2_b.jpg,relaxed,train
NWKqoFu2McGL71qdKZj96rFbuhcxHn539.jpg,angry,val
02rDGGot7kGU3cKIB5qhOfPaetpRNq548.jpg,sad,val
WTqMuXGD0FpnodBvrc1DhWrLuqphWZ151.jpg,sad,test
uEKr7z0qVEe5jT5f2TTDNDvV0fYDhq923.jpg,sad,train
OhleMCAv7OO7ESO8SDnvNjIrgRWY6X313.jpg,sad,train
5625700690_2ab8b6d9a2_b.jpg,relaxed,train
Io60YRMsx2VxyfUuoySn52u0lovLyt579.jpg,happy,train
uLLC7rp9HYT2RzPqALydSmHApYrTZs672.jpg,angry,test
ICY3MYXwO3mvmLtnouhWRMbcJIcw1W667.jpg,angry,train
d0gpxosKkGZ79atB79unrbXVCFzATy576.jpg,angry,train
KdolopmJEQ6UPXzvkGKsS473djn35k921.jpg,sad,train
33591807528_c7a62bb10b_b.jpg,relaxed,test
EE1b8yciBx1S6GOe7WrYwR6LpkjYLV588.jpg,angry,train
uUth4kg6c1o29DqjvoSqHAS3BDFXxt322.jpg,angry,train
4135448883_f9fe5a5bb7_b.jpg,relaxed,test
k4XixPvbt6qRoCEN9I24myHaKT5c31608.jpg,angry,train
RbzNOvY5GIAl3PSjIRTKpEkQs1NByq575.jpg,angry,train
Dqmn25YVWt8Aiwp8ppGODAN4UIp0Yn530.jpg,angry,train
43432448840_f0150bfbfb_b.jpg,relaxed,train
9QO9FTxEKpy8Gp7oFwYE4xVvyjPgcE213.jpg,happy,train
40457035903_6fb35acb8b_b.jpg,relaxed,train
38371432111_b39e01d678_b.jpg,relaxed,train
jAlr8KK50fKPDlAVGVPxmNXmURAust308.jpg,sad,test
H6zkbYkaCmxwkFlhCcBE0ZSzUJrT1I369.jpg,sad,train
oaqgM2x9qPp902FsSYHs0JolbLEbMl471.jpg,sad,train
kmbuUJtGfYVZZDcXLCAGkMNsoue5vQ25.jpg,angry,train
8693102408_30d4b8cdae_b.jpg,happy,val
sXWRx8tt4wpteMSGAwVWKSH85t2Lzc778.jpg,angry,test
aBBspgQSd3Ne6yuhUuxogEEBQxNsg9620.jpg,sad,val
J4rX8LKSma41VVcI1eq937Hh9mUaRB87.jpg,sad,val
36716598642_550e6dcaf9_b.jpg,relaxed,val
kM6L7ZVdwKlhQZ0oVPpp8tzqnralcs911.jpg,happy,val
DZCtbPL2rec5SAiSVFcfDjh8R3hkEv265.jpg,sad,train
6246812088_01831bf1d1_b.jpg,happy,train
4zphOEEyZCvtIyvaZBk0W2Bd3NCIEu168.jpg,angry,train
vscTaBJ9kVvhNzFne76h8uLef9nb4W865.jpg,sad,val
8219437412_9cf747f6be_b.jpg,relaxed,test
8665983220_a7deffd591_b.jpg,happy,val
8715685848_41290ac676_b.jpg,relaxed,test
KAATqUvDNDp45WIJqXhK5QBKGCfwmq633.jpg,happy,test
coy8Dvr4XYnoefVlWlk91EHXiRRBXl721.jpg,happy,train
8401058593_7a3eaec9c0_b.jpg,relaxed,train
345716959_0d77045af2_b.jpg,relaxed,test
lJ9Sqq7sTieM8CRBAbKoRJch86B6Us498.jpg,angry,train
MCR8G2siXiPmMFM0FLiWmwC7aFSyOG984.jpg,angry,test
i6WrJri63JSzctcnOJ8C94Nb5Gyugo629.jpg,sad,val
IyMJqdJVoifFunErCdsxNm5fI5cH30716.jpg,angry,train
I6mnBVuGihPx0gwBqtr9s89MPhOQoj736.jpg,angry,test
BHV95oPFw9F26tJtt2sylOR7YIQp1K440.jpg,sad,train
40878848115_7b0fd7d4bf_b.jpg,relaxed,train
bP6HGVQLpm8OA443GsMXrGG7dk6Lwp238.jpg,happy,train
u2uC2JF48QaeNepqyQCoV4Iwqm517H312.jpg,sad,train
rPea5p5cRyPkseSEhxsdVgHtn7z6GM899.jpg,angry,train
bqlILGVsN8qiRG0rd7Ux2o3WlYdZrc28.jpg,sad,test
95308710_5c38430066_b.jpg,relaxed,train
6864662636_01d7ff9ce1_b.jpg,happy,train
3ru88zxJiDbOJIrcx5ySk93hrXsogq895.jpg,angry,train
XA6sEjOOQAKiTb156sYzKikwHSQFGj103.jpg,angry,test
oT6hn1nEnMDke7uLygkaXyoU5tBY6418.jpg,sad,train
rb6V6U7EQOLpDDB1AdOgN5wMklmn4D126.jpg,sad,val
6996608977_4d77af1d9f_b.jpg,happy,train
CMZVPjlkp4HPmgjSSAQ9jvRLKF3kix664.jpg,angry,train
4295825233_66df50af46_b.jpg,relaxed,train
hvjoNqraJPBuR3bSwRdvrrEPv4CIVF798.jpg,angry,test
hw82fqMFak95ttyDDNuhexkdqcVeZd575.jpg,happy,train
FPV4tG4ehhEcsSMzbh3uc78r0oVaOb878.jpg,sad,test
uMx5AW4dTOvwfAXMoAog7yPVz4zEwb464.jpg,sad,train
IcbsfSMoko4WaAX31Q3m6zN19ZYoqX762.jpg,sad,train
lz7aEqvtVHXLflHwSobnN1WHXRs22Y418.jpg,sad,train
9473461736_fe337cff29_b.jpg,relaxed,train
0rAH60FVXqnFBJPzGVSxzEe22APpFS734.jpg,angry,train
6165293079_fc10c8fed8_b.jpg,relaxed,train
3247667781_757e5b948e_b.jpg,relaxed,val
IePr5FPm22ouRruXsQOuHkAe1uiX29314.jpg,happy,train
SoVoK90zyhVmYP3AdEldtMmXQTHWJm643.jpg,angry,val
DVz7EwSoCkujn3JkhVufrlpoucZFUp998.jpg,angry,train
1gGu5IkooXcWJ3esREvLoPyCiszeZd580.jpg,sad,train
bC6pKn3SXf9oFxmpd5qPJND6RLW3cE881.jpg,happy,test
IcYW9UrAEwdNP0Cq0qGNnbOx7qCFmx126.jpg,angry,train
A93qnk60PX0Xtwr3m4VVoHkBrZTxQf774.jpg,happy,train
3BRqQKAaznqF4DCqFKfpFmwS6eDJs0582.jpg,sad,train
zoCBMornppQTwDFe02eyWuqhZPpkmA555.jpg,angry,train
RCYgswjhbbbA4xahoIEdqljC183t6K871.jpg,sad,train
8hIrMTZ2Yy7hUafUAz0b9SWUQOP6eD612.jpg,sad,val
6326269249_8333bc671a_b.jpg,relaxed,train
3616534341_3795571a7b_b.jpg,relaxed,train
acrZ0uabflSAUNsnGxivFVeDkAlg6r231.jpg,sad,train
6796255265_eb97d775d2_b.jpg,happy,train
6hfYckJMO9XkVcV0jM77H7RcS25J3p972.jpg,sad,train
6836239330_febe91dded_b.jpg,relaxed,train
3251008529_ec570d172e_b.jpg,relaxed,train
TomfLePYNHhps9ybg9HDHKe8GZp4tU264.jpg,angry,train
2PbL2ZpSjgZgVBhe1sU0QVQP0owxj8896.jpg,angry,train
XOx2sJTOyac9MGTsbZnH9ADnuXQ9tM989.jpg,angry,train
84839879_c6981bbee9_b.jpg,relaxed,train
mwxUEzCB0laAmtcYIeaqOqSa0WA0fO34.jpg,angry,test
8352301432_df480a6945_b.jpg,relaxed,train
ENP6tezEnfSvkOzkV0gdvwhg4kOE4u827.jpg,sad,train
8213297925_9cfde29ef5_b.jpg,relaxed,train
7979163284_6760be14f9_b.jpg,happy,train
6140733067_e74c3ed05f_b.jpg,happy,train
5635657415_c58efe7597_b.jpg,happy,train
HVHnPN1yQI4uPxP1WHceNafoUiOJT7142.jpg,angry,val
r7iXfs9qo7nFOttXyQ3AKsgNztN2rm459.jpg,angry,train
6wraGV9v4j7u3xDgWYS1MRNRHecU7k171.jpg,sad,train
hBtJXn4k0VjiEPwHiVab5Y4joenkuh63.jpg,angry,train
2m1KybFdRJfD6HiYURg8x1ko2wOVGG20.jpg,happy,train
8926476159_5b9022b55e_b.jpg,relaxed,train
8502636929_21f38a7077_b.jpg,relaxed,train
7682033820_ca51ff879a_b.jpg,happy,train
5653962093_0b9a145923_b.jpg,happy,train
6wFj0gKVOblhB4QV3GJ3bXdZH5xmaT806.jpg,sad,train
lEzFwUPVfEMXG4x203kZV68f7oW2sk763.jpg,angry,val
I5rwCUT0Hfs7S1Xty6Vf0DdRPY5KLj200.jpg,sad,train
8126981781_def18cff05_b.jpg,happy,test
jCdSdadWC1aPvBdHVON0tG59s8zKML975.jpg,sad,val
9588176645_f86f43bb7e_b.jpg,happy,train
6963135089_298c102c96_b.jpg,happy,train
38741578090_7cabe058f1_b.jpg,relaxed,train
9694756323_e52c4e60c9_b.jpg,happy,train
HwGPJXrmo763hrGyDV0Ud7vkqYxTOt411.jpg,sad,train
6924479417_6ebb9d8587_b.jpg,happy,train
DhlTwG0GtOZ7SJsoHXrvf0RbOHWgGP248.jpg,happy,train
6949779157_0c82c3c54c_b.jpg,happy,train
PiZ47nOAorxrrUtgj08MO1SvwIiFBx160.jpg,sad,train
qDwg07vfnMjhz0Zl6pibwkOsIsRd7o601.jpg,sad,train
1LsYieZbjsY2sDWjVdl5EyzegUmcZO474.jpg,sad,test
4oz4asLOKtzJSTmmmaWVyVEYW23DiC914.jpg,angry,train
6280505350_19c7cdc644_b.jpg,happy,train
vXgi2JcoidJKWzFbK8zbubPpZobd5l62.jpg,angry,test
ivUs13G1cgkPtlxuY5mYWutVZPjt6V784.jpg,happy,train
4465657345_3fc2d9ea9d_b.jpg,relaxed,train
8207149869_fb85589956_b.jpg,relaxed,train
Jm0zGokeYkjPSTYDDA5ROHei0SvNWu811.jpg,sad,test
39065547634_626647d134_b.jpg,relaxed,test
8Zkz1Q1mLbLBjrLyL2tJeKhY8XwFuv380.jpg,angry,train
6134506313_7b9206beb3_b.jpg,happy,train
08mrG3hgF3M4bmy65ZJZBmYulhJ1es699.jpg,happy,train
ZqpiLzPnCA8L3shy0uaeYb6OPs7y3z523.jpeg,angry,test
wdg5eNlJozfttUaJHLXtcpnxYjNxYM231.jpg,angry,train
9363677716_94404275c1_b.jpg,happy,test
6764504_77f3acdc85_b.jpg,happy,val
M3KI0lmziKuYYTBQkeYpsTZNguu1Zi805.jpg,angry,train
yc6aZ3D2pkGxzMQWfE7V4d6nuXD0Xr793.jpg,sad,test
5367413784_01c481b57f_b.jpg,relaxed,train
3409325648_416ff89dc9_b.jpg,relaxed,train
553396263_b3a562ea0c_b.jpg,relaxed,train
9lRdcZraLfLu9zMTh3yMsZk1izb2lg225.jpg,sad,test
3283383388_6726bd301b_b.jpg,relaxed,val
8036467423_962bd61923_b.jpg,happy,val
yKrgSkRbDVGQnTgkiAQlrVddwrJlt1565.jpg,angry,test
WhIby5mPIxxumQ8ZExICaiReojEcvM838.jpg,angry,val
wdyRbR46ZzQXLBXuJx59GDVvTZNjIS883.jpg,sad,test
661800215_dc4fc46674_b.jpg,relaxed,test
D6stbVhjXcykfeknUC70umEiI2UeRR7.jpg,happy,train
hDWXG24I2f3SkczaV5yPvQXEMhWeNu753.jpg,sad,train
GNSxMzzOgwj6ivwFLV2NuWNZYGbHkj316.jpg,sad,train
N21BQMHPv8ZAaXY6hooPgrfZo9Tkxo6.jpg,sad,test
Qp7NeZ6A0COQSyOaOLvFuqDzD31mvY735.jpg,angry,test
aXAcJPpOsQ8wC29HWnZWFshWLdZk1s70.jpg,angry,test
2mXnwOmNvsF3PgZySCuudkrlSF8tdr8.jpg,angry,train
U43zhDDFYmlhRGmwRlhWGZH0iRFbWV924.jpg,sad,train
SV38aA6zPZ38Tgln0tVLs8CU3RZKj0607.jpg,angry,train
5FaXtNiUTcOEch8Ly54vvm6zwSckbH516.jpeg,angry,train
xrLHY8jjDsYnq58oB5hKJ38CqvZwpD362.jpg,sad,train
6697736907_8dd4ea43ed_b.jpg,happy,train
10381728684_2224cb22a0_b.jpg,sad,train
dCpRqCF9AKKv799kIt166u9JiQ5ijr491.jpg,sad,val
hrm3uSG1mHsNxOqNIe28T9Emur5fTe266.jpg,sad,train
I06WdZ1YurwjKpDG1X5gGpqhRiGwRb316.jpg,happy,val
6176273302_d5dec69b8b_b.jpg,happy,train
7391516436_4ddaf34d31_b.jpg,happy,train
ChzuPkeuKOcVVXqYI2b42fTCw2SCIn680.jpg,angry,test
M92CKIVholYoryLvOXCNI44gxywTIQ141.jpg,angry,train
Czyuftaif4EJ0peXbAo0qFVxhY1XB5189.jpg,happy,test
LzkkCFstEgybaQD663wf16aOFNeE6j781.jpg,angry,train
DhItwvxYvHOaEePRhtX1pvJtZDdTpU267.jpg,sad,train
iz33fdL3eAHulDzQmfJvhpZGgZQfAp533.jpg,happy,val
8081456644_a557a48bee_b.jpg,happy,train
9212674840_48134f2657_b.jpg,happy,train
5304466472_8cdf10ee68_b.jpg,relaxed,val
nIzQwrDduUr0Yha8Khe95v8B0j1UKS381.jpg,sad,train
38213872024_3e9355ac8e_b.jpg,relaxed,train
9503415697_fd939ac0c3_b.jpg,happy,train
6773022205_240c242111_b.jpg,happy,train
7974871601_97792dcd38_b.jpg,relaxed,test
UAi45aZPXaiGhrwT5Ga0ighBOihdKw314.jpg,sad,train
5EHfeElqPw7MXGYIhMvquLCLNKgMpt817.jpg,sad,train
831570787_76252ff180_b.jpg,happy,val
44367754521_4a7f1f2417_b.jpg,relaxed,val
Ex9S1KRcC3HiNpVedy7CqXo0hBvm7k637.jpg,sad,train
CvVOIkdxZzf2JxTDz7SFUCnPUHFPiS2.jpg,happy,train
6538103861_3be05e9c3b_b.jpg,happy,train
9522445125_65cd6df9d0_b.jpg,happy,train
3Mj9GwsYItszxgncZMDROgHy3QRvKO544.jpg,sad,train
6796566064_e31ebc3853_b.jpg,relaxed,test
21WfwlkV239kopf808jDqwkSK6AQNH813.jpg,happy,val
c1ZXbIk6yK8Kqdewii3Tu0PSvOGpDH790.jpg,sad,test
A8OpqLYAamkOOQdUD3iBDoMJUvjqSa558.jpg,sad,train
7507393234_f76c27505a_b.jpg,relaxed,train
tyxZSss4AYd2cJNgEn98f1gAEKGbcs749.jpg,angry,test
8127193987_22dd12823d_b.jpg,relaxed,val
cZGNqmKOy6EiF4SQSOz7tw8ty7q98Q431.jpg,angry,train
TFGusnnlFxzh3Sa76kH6hsK4EY6vMB88.jpg,angry,train
zNiPTizTlJKnBInrm3MwATpsgB1fMK42.jpg,sad,train
6177662490_5e1ca8f8d6_b.jpg,happy,train
HdUKxTs89SHsI9EMtKOIoxm8QIkfEf661.jpg,sad,train
5597044863_87ecb70c6c_b.jpg,relaxed,train
4OPWksL3d4vIJUuLgBNfICmLJb6TNh768.jpg,sad,val
6729730655_3917bf167f_b.jpg,happy,train
5804854647_05cb80a2aa_b.jpg,happy,train
410455025_5069f06e53_b.jpg,relaxed,train
5787217734_39604c6e75_b.jpg,happy,train
7293748868_4f76a09c91_b.jpg,relaxed,val
6228176307_c2984d2b5e_b.jpg,happy,train
8941978306_3d7740f4fe_b.jpg,happy,train
1VkuhQ3n78hJv191uJAwxG4i4r3Eps900.jpg,sad,val
5SJwbZH9zi0n6H2wMmvPd5kcLhsQzz454.jpg,sad,train
AkMeHPK3ZTQVKxH5xnS6dt6yMx3VwY537.jpg,sad,val
DdGoAEqik6bVTN9monvfyb13d3ehuH63.jpg,sad,test
BWlnhCBRmKAWRriVknF8xBYCP7ATHP791.jpg,sad,train
Y7wZxZw6FrBepvj8KyoglIRLnJ1aCV746.jpg,angry,train
9Jl5F5qbX2rY6iKNm3GUyiuWBzngP087.jpg,angry,test
XFlQzGu4rBmzl6OovTsNNuqz3q715K153.jpg,sad,train
x3H2KaedF3Iz9Oju5xCLJBCWG0ZnPM200.jpg,angry,train
8497293889_71c3b6f209_b.jpg,relaxed,train
szaXgAA9IwUk3HAhM1OKkkSIxLmHpC996.jpg,angry,train
TbbIVjW9SM5CF8VwqyfU4Yiy9N02Cf803.jpg,sad,train
6211521805_e73cc28460_b.jpg,relaxed,train
ed9dir0VIvR9rB5jOaAE7w8SAXgvSv437.jpg,angry,test
4H6XZqQWKsjmr20WPHT27t5MFXgEX2189.jpg,angry,train
6117127055_87d60e4632_b.jpg,relaxed,train
IGmsJN89dWc1oP3j3sRq6ZPyuOzI3R515.jpeg,angry,train
gaKqJNBwDT2LjZKeyZdCYSCbDPFe0F423.jpg,sad,val
4501004544_a579030c29_b.jpg,relaxed,train
aePOLWnLJOLqjvs5mZLtsjCcfx4tEQ794.jpg,sad,train
QZDarsQhGj4iXajNnE5vnLKTO0d4n996.jpg,sad,train
ih5OCtHZFTdMbukLpFPPSJWzJSupeI52.jpg,angry,train
7902516110_e528b82101_b.jpg,happy,test
E78VJ6tQGVLA4XX5aXg6fVv8QTjF05614.jpg,sad,test
KPUFEdSueE5kqFSLt6wJa9JUxR3eZP103.jpg,happy,train
Ok0a18RwcbvAdj5HR1lEOdNkf20eST320.jpg,angry,train
39292389930_1d19f6c8c8_b.jpg,relaxed,val
7183431316_4d3914c9c7_b.jpg,happy,train
htdp1YZbIIJgiAMdHHk4GqXbPGDyeE593.jpg,happy,train
xrRjiUTvK0XU95wyRXLP6pMEgipAXa937.jpg,angry,train
WEuTKDVoWlDEYeLJwlakaWvouug3sC857.jpg,sad,train
vuaxqIdECKzXjPe2DdVHwowLjFHt0X269.jpg,sad,train
4992734827_5ea8573d4e_b.jpg,relaxed,train
9585252222_c3e50ff280_b.jpg,happy,val
2hFcQKYGlSslGwu63BIf3S80N0BTdi591.jpg,angry,train
8196405674_958a46fa98_b.jpg,relaxed,train
FVPKOeoDTHWP7b42fgvwO0EeRcsUji673.jpg,sad,train
40533726223_fc6bda5b0b_b.jpg,relaxed,train
GjuKkoO3hB2juvBBuzHwVUem1JqVZ2132.jpg,sad,train
38zYeDdjuXyTLIezb72M4sfBXetAxS311.jpg,happy,val
9JpxlrHnDasjbYq6uGNSBUWTQ5Z1px963.jpg,happy,train
6076616083_59e84f67c6_b.jpg,happy,train
8512148450_da210c401a_b.jpg,relaxed,test
4577933745_b8c45da05c_b.jpg,relaxed,test
3uKYH3D8yJNyqw2iL9WMCzSMXShsof445.jpg,sad,val
6280223769_0f68815442_b.jpg,relaxed,train
k9o0PsPAvnASdMg3u0IsVdmAj4Ljp8347.jpg,happy,train
RD5aAnVTw8o3DkFJau05786rKeNnu6669.jpg,angry,train
8643500908_c31131e275_b.jpg,relaxed,test
9gT5oWThvD9zkxapcEttoObkDvaxGu517.jpg,sad,train
tbV4sXdCkvNMF8teX3jxmIiFA4K2du924.jpg,angry,train
jajPUoe4S71l1D8y5rDMv8nQN5tI9z801.jpg,angry,train
C7CbbORDg3qn5Te7PsD3fIhwbRanY930.jpg,sad,train
917209976_79550b488e_b.jpg,happy,val
BZXm8J4BL1nO2v3EV7wnJUmwiJTKYL154.jpg,happy,train
WF93V9fIrJJTi78WZBxQMjHZlEvclR982.jpg,angry,val
pejzsO9Vnik9i2NCSkiMACxfMXbWp065.jpg,angry,train
7kgoRu1DY8ZxkMR5NFI6ZQV3yqbdPj707.jpg,angry,val
jDuqFcUbULIf5ujnu6TVZqGOaxTWWH957.jpg,angry,train
9HjLNNcgIlul3UQfe5ilManpCcaR0K796.jpg,sad,test
bIqzT2klTTqZuKkYY2LoomFXZpBYNL295.jpg,happy,val
6VEfp5DBo3QzFuLL0jVpU84UxNFpkl208.jpg,sad,test
7662329670_cc81f57489_b.jpg,relaxed,test
x5mw4MKJLTyyKk0UuLFATRtLNTxGPw523.jpg,sad,train
5Dpz615tGJN4c1l2abT73RdqbziwqC41.jpg,angry,train
9885101675_8aaa6fd7f0_b.jpg,relaxed,train
j82DN7llq2hokDdsWlKkqoZE9cJjTh249.jpg,sad,val
38371434521_e811c47e96_b.jpg,relaxed,train
u0qo75yC4JoRaasmPm4XDK4PpudN7n114.jpg,angry,train
6819420_3e8e60d23d_b.jpg,relaxed,val
bKHJQhwkJ5j4s7PKcVTzkctJ9YJKtv697.jpg,happy,train
0TSpHUDh1xIQthYrtH8E1UZQ72rcTZ68.jpg,angry,test
5595253989_89927a5b5c_b.jpg,relaxed,train
ERx1p7TvPOFgAnCQGnOYeUIHpTfiCs732.jpg,angry,train
5807641609_9607da7e29_b.jpg,happy,train
6433306687_c7cd64c3d9_b.jpg,happy,val
8489018007_ebe50dc5d3_b.jpg,happy,train
RE8i41RAc8vjWKA7unRC1EFRSdUYNZ139.jpg,sad,train
r8kB2VcjBioQBiqiRJp7PHZRD8XzyR945.jpg,sad,train
8298884072_c5c74e6963_b.jpg,relaxed,train
N0umUMAiDAgd7TgEMWIBZubHMMX10j771.jpg,sad,train
9fazSvmxewPVSEtwjHEi8QWi8xTeYL594.jpg,happy,test
5513078014_7b98e8f830_b.jpg,relaxed,test
8281214260_5851f522e9_b.jpg,relaxed,train
Hfww9MnAqNofjb1AY3RDAWhscJ8Mp9589.jpg,sad,val
daFbErDWFAt3FfZW5pj1Uw5dqAT0ra290.jpg,happy,train
x7I3GghzHWjgznIGS0ecotHckMZbVv119.jpg,angry,train
43823887232_c467f1ea56_b.jpg,relaxed,train
YlBU4AEekJCnjjYN42A8qIhqNg1Cwc75.jpg,angry,train
LyaitoUM0u2wuzefg0TMRXE8DskJro242.jpg,angry,val
48742959037_0bb17f7c08_b.jpg,relaxed,train
Gjv65hMHEKg9oddwUumKomOLvZB6Uy749.jpg,happy,train
gKujaBuWYezz0yWK9ydTFVi6LbQtXe397.jpg,angry,train
9113225685_61c98f02cb_b.jpg,relaxed,train
AcqIMIe0EO85n5kad3LIgRWPOH23i6330.jpg,sad,train
mCG0lJXrjt6YLE6kvZ7wiZ8OOXgSua275.jpg,angry,train
7614893_be25818711_b.jpg,happy,val
5557638486_7b85033093_b.jpg,happy,train
8709533530_e34bb478a5_b.jpg,relaxed,train
ROfXz9AZ66owZM5vYs4HwdanlTc7PO421.jpg,sad,train
RHvVewiINdjzzjlCHPzDzjzsBWxKSC36.jpg,sad,train
8647553314_24203a4dd8_b.jpg,relaxed,train
FGa2j5XiadcJ48nKoNivCLrsYhHXd7270.jpg,sad,train
tde2Ib02eUWfa2nluw2HeQ08ymv0HH21.jpg,sad,train
ZjJyQWitnClIbmF1hbjdWdYkFlZB8R529.jpg,sad,train
gjUIgU93FdFRSt0Vrh4b7SxpKY76o3127.jpg,happy,train
6933561059_8a7850bd7a_b.jpg,relaxed,train
Gku6GiJp0y3zE5mG2cTsXz13rweKpt173.jpg,happy,train
37794526876_8dcd469ab7_b.jpg,relaxed,train
H9NjmbT1xyWDug8DnPp8lzjpNZgyFL194.jpg,angry,val
Tsg66HMi18oPpWfNLJ7TCwcsorQcBY841.jpg,sad,train
7303083004_66722c92d0_b.jpg,happy,train
BPsVD2p48EwwwTMKP9ZUH1GU2Q6Dza823.jpg,happy,val
n43aMy5R6aBl64hve19JEwQ5JCgB6J889.jpg,angry,train
5326311273_99b934768f_b.jpg,relaxed,train
5946816709_42ae1118f0_b.jpg,relaxed,train
6597967485_04535da2c2_b.jpg,relaxed,train
46802268621_5a58e10f21_b.jpg,relaxed,train
3f3Mk0TatDsTmRrXZiSAg1EraxY6vA898.jpg,sad,val
6801353062_1c97e095c5_b.jpg,happy,val
rCKQPhupX6oyxVytQ54zDxifkEEHxI93.jpg,sad,test
9702256221_4b47843413_b.jpg,sad,train
2bVW67KtR6xL7eph5kzXcLeBMoGojl273.jpg,happy,train
g2j5pNDTYWRheF3DCzvXXa4gFHI8IT230.jpg,happy,val
4045169052_105dc30bc4_b.jpg,relaxed,train
4wmUrmlvdrWwc4Awq8zNDXT32vYVq3746.jpg,happy,train
BbDDSWEJNro5700YGGGBO7B9eomdta518.jpg,sad,test
5PX4M4jg5tPf8X4PnLmHzDK3wbBdbW469.jpg,happy,train
lJYCk0fVYwGslGMiRlqxq8xW1kJLwv547.jpg,sad,train
8345418887_1bfb365296_b.jpg,relaxed,train
TBHxNdGmF7iooYlZSbT3PqOxOpzdLx786.jpg,sad,train
494DATG3Szy8VBdHx2moJ3Nha47KZY181.jpg,happy,train
cYi8eStDzX3GxXWpozlS1uCIVoDK8I833.jpg,happy,train
acMfmHckmhOdg55fv9nwAoG4fnDKAv593.jpg,angry,train
cAosgE0LxGSgw404tNhhS2OoQbnvwX147.jpg,sad,test
QfYeX0BOjfKGG2J3sOeQnpcHCHIw8K23.jpg,sad,train
0ETqMMxPKidOGu2sPtsziVYQzTA58F460.jpg,sad,train
9108527232_c17f08e113_b.jpg,relaxed,train
NXPtwOy8t0GwmiAs5YQkdOwoqzOVJa500.jpg,angry,train
8695977884_4fc9907727_b.jpg,happy,train
siKnZp8SbqiV7HpDPttPdEwG95U0vU823.jpg,angry,train
674624411_94a87aa45e_b.jpg,happy,val
yLVpgPD9klsyWE6W9vGrf2MjHaykjV859.jpg,angry,test
gzCeSBVVc5GVwa6icHOJqecMtT1uC5482.jpg,sad,train
Ls6E7eiCAn56QLjegLh8mziMFchClk923.jpg,angry,test
NeAg0HOfU95tVnhpK8vGACmWdATG9p435.jpg,angry,train
6134670468_aa9ee0b69c_b.jpg,happy,train
6068278733_107b0e495b_b.jpg,happy,val
9193355488_10ed654168_b.jpg,relaxed,test
maeieAnmwvx5ttnvnO0CrXGFQdrXu2550.jpg,angry,train
pXiZfUiIqEya8hafdwqJQBG31I5xHQ835.jpeg,angry,val
hRknJLsJsOq7l8gj0uqWcmb6xPZzGX378.jpg,sad,train
cM6ABUSDzugP4R6kGIP65E4XDKSVrQ229.jpg,happy,train
55491077_c76029dc83_b.jpg,happy,train
32035890701_05ebdcd07d_b.jpg,relaxed,train
6156566792_973d9578e4_b.jpg,happy,train
9110424805_14e29150ef_b.jpg,relaxed,train
RlOOsDgNzRuyktEMqdQWpZMpSm0gA1196.jpg,sad,test
7p0ocgRn42u21i2utwENqotyqJoX6P751.jpg,angry,test
tpxentpoQU19WTdWTRSdZaTakeZwMT341.jpg,angry,train
pctvkpVolYTQSt1Kg3NtWXMfOoLuMu943.jpg,sad,train
33344718415_c5a47925ba_b.jpg,relaxed,train
5907316196_091d265c05_b.jpg,happy,train
HIkwcqDuDr8wBX6OXLr0in2AEQLtPS988.jpg,happy,test
wJgoAhINzizB2irbMeFDusaK9BvQVr596.jpg,angry,train
8662418512_d6a91a5b3c_b.jpg,angry,train
QsrjDBPYKsTrfkSAWTTR7RMyEWY5mp269.jpg,angry,val
NRqiN915kSesxRgiDRvde1oZxD5KbF175.jpg,sad,train
MElJTOpKCoCwGTo72fcoLtDUMTujjD467.jpg,sad,train
WscnAZkP4JoYvV1oSuriiOxRLQOrH3594.jpg,sad,train
Q5rX4HrXozFXvazibYdezc2Au7qXaC415.jpg,angry,train
hQOuvAs6UrZ0MsloZWgCi6IzoasaUD927.jpg,angry,train
Ef5tOHbFYi3daLM5AG3oiykQconKrz257.jpg,angry,train
8121272944_095ed6f540_b.jpg,relaxed,train
4paM8KicZAq1adYwyE7TLxjU8S1E24424.jpg,sad,train
9470532797_b04f205d2e_b.jpg,relaxed,train
0o4s7LdH0JljYwA5n0IitUSPbLUyCx334.jpg,sad,train
2Z3F76YYccn0y2EIi94q4LtiToKJ5A367.jpg,angry,train
qAem6FCgaP7HRr4QQw1fQqMqV0ScAi82.jpg,sad,train
3wnIBkTvpF98XFYb99ReKL52GORUbi643.jpg,happy,train
xXJOay3JV2Q231llHTS53UCA9hY62r862.jpg,angry,train
uyR1pgXRIT4ahYoMAgnT0nEbpf4iP7601.jpg,angry,train
6779903294_12145a34d2_b.jpg,happy,val
6080022906_bf87ca2372_b.jpg,happy,train
0da4j6Ehkb6Ml0YBRiWmsBU2wEMoXP409.jpg,angry,train
8RQ1J4x6Eb3CRKZ1XAMsUeHr16JuUw343.jpg,sad,train
ALtNe7EsD5vihMWy77wOpPZDZeeW6L609.jpg,happy,train
BJKxxDcYysImPFuFn41xiIPkv2KfzH43.jpg,sad,train
4921539428_2800fa10dc_b.jpg,relaxed,test
8EjWL5ATOQpZfCk9C3XEcDgjIK2Xil336.jpg,sad,train
UT54MUgAk4N29F16yhVhxaHEO8LNrk636.jpg,sad,train
6106224171_a21585644c_b.jpg,relaxed,train
8RpBP22CUyZTk1zfPYRIbyK8p5cRxd934.jpg,sad,test
5882479333_0c97516c95_b.jpg,happy,train
Wra9QMIjoZ5hUtLKwTfo4q3py9dzzZ910.jpg,angry,train
rJkQFqbGY2KPI7zU2UhNgHEu6Z8lKn315.jpg,angry,train
e5PaCaKOxLPIHQ2thgkXc8r7Alt3Ma358.jpg,happy,train
5117610700_a4bbd1031e_b.jpg,relaxed,train
7301310674_926c58c7c8_b.jpg,relaxed,val
5165160313_326b8f4b85_b.jpg,relaxed,test
43153754694_3612911a9c_b.jpg,relaxed,train
6150823493_76550e6c55_b.jpg,happy,train
fOJd8VYCriYzURuuF1baJIntim0KwN457.jpg,sad,val
NvPIrKlM2DHAonhMtKOUqwgcPK1slR538.jpg,angry,train
33729675412_8b01529c68_b.jpg,angry,train
XBJzvyX3erjsMILKgz6E34hmWn2I8C571.jpg,angry,train
33581037483_56b5f00b08_b.jpg,relaxed,train
8458125115_4dc302102c_b.jpg,relaxed,train
hUS9UhZYCk7kze4cRHlFvtMh8ff2SK960.jpg,happy,train
wliFNU7C6abdsG4ObFTl2dYJOuDoAG791.jpg,angry,train
6041627396_d29b393680_b.jpg,happy,train
6224478496_eb33d3eb38_b.jpg,happy,train
6517307377_8c019890e5_b.jpg,relaxed,train
ksWG5LAKw7kQLnJyQnnuVbRvBtcSzR764.jpg,happy,train
2PMycjJEDQtHeUtWu81squhGQ64Tb3186.jpg,happy,train
8091650252_991a82d052_b.jpg,relaxed,test
iPRnkU6VKcRID7gAlkW9zxDC8wPsf246.jpg,angry,val
6895098608_cc9a615724_b.jpg,relaxed,test
51889998098_1370dfdeeb_b.jpg,relaxed,train
16heO5kSK7rXDMjxWdswQGMHmWLkiJ361.jpg,angry,val
rLqErb64qfLq56WuPk6sxbWq3hI4mW952.jpg,angry,val
2G9O3I44mYAOEwzH1kXPGqK7ol9yiT175.jpg,angry,test
2tI5rzTkbnW06zNntBUcjrlcqXb9vu712.jpg,sad,train
sLlmPNOM5v8llP9AjF7QUEBbkmg0vc111.jpg,sad,test
9537895392_598e0fde08_b.jpg,relaxed,train
mlLdct7Icc4Hi5tpiPPxRcu1W7M5CI309.jpg,angry,train
5666195629_a38c490ccf_b.jpg,relaxed,train
zi3LaIlhPHBP3PWDNSmpuroziOPitS832.jpg,angry,train
iiy4llBau4X00yBU28m9xD6tbb5JL6948.jpg,happy,train
K7p4yGXnUm52HWAANexbjTpWzgIsLp781.jpg,happy,val
mVs1crgCcWj0BVv59GQHMmbfUOc6Yl72.jpg,angry,val
8629683061_1c16a61f2e_b.jpg,relaxed,train
dpwqgSLwQiVy4GaWt4Yps4YngWZPyj782.jpg,happy,train
wrwLggAp6uAwMDLHys8LvwyrpoHCE9568.jpg,sad,val
B23ShgYvBhaxrJjfisQ8kkpvJVfnDG67.jpg,sad,train
F32jDpWVYpt6ePUr2m3lnwpWWMpIQW702.jpg,sad,val
DlR7hNDRakf7ayHuCAM3FL6WbTpBlZ522.jpg,angry,test
D4t5FXzpjfJyo1cfXsG06WV8QaEoR526.jpg,sad,train
V9EQIK4Y1HX2nRffDzZ27TF3hwy3uY541.jpg,angry,test
8254300340_664feb15a9_b.jpg,happy,train
6786502454_bdb790413b_b.jpg,relaxed,train
AEnTfpFil6XLbN4DAVLeZuKQwbAmG8796.jpg,angry,train
6oOi5vYLtVXiF8FdtGW4irmh1MSFHM725.jpg,sad,test
d9qhec2CJS8n98Y4TMxraWay8Wnh0g149.jpg,happy,train
04SQoOw0cFD5lsACrLRCmUWFPu16AU746.jpg,sad,train
ITevmW4jcrXDpSB6WtszMBmiO3yZSA983.jpg,sad,train
pNDEn4TUdAIasHNlAU7L6VfGhcIsAZ471.jpg,angry,train
8267535_22a618a7bd_b.jpg,relaxed,train
utxVDTEu39jH0HseHCjBQz2dEU7TFC224.jpg,sad,train
7577868678_e182a98661_b.jpg,happy,train
NTeJP9ghExQ7KPwmLsGXJVf4LXb1kV759.jpg,angry,train
WsIch7M69HqB4rJzUiPx6tUnG2Myo3730.jpg,sad,train
fOcjsYKFuK1IEl3Xc4x1qU7MSjzKYp667.jpg,happy,train
HQ34WNTsi3aa4XREJSuZcY8LeZKOUj689.jpg,happy,train
375087564_c22d5f05d4_b.jpg,relaxed,train
8lhI1maFpnn6MqVnc6tOLmJvgqxKdp501.jpg,angry,test
jrH1eN78tXT5fZXmsdlWtZHWeh13yd902.jpg,sad,test
hr4nsGLxlYBc37bQBqk8k7AEwVXzcn371.jpg,sad,train
yYZf3VCINhGPqBcJIWqRptHg3Dwljx210.jpg,sad,val
34661921_d146699d70_b.jpg,relaxed,train
4deVu3uBXvIphFDank4m3An6hEob92986.jpg,sad,val
3g2aTvQ5CCdQjTx6EQhZS9hf6Wai87941.jpg,happy,test
YW45DmujoU0Lvnf4MJVzXVRBFofc0Z276.jpg,sad,train
BJJI9j4I3XCBdLphUN8XDg1nFz9Woq834.jpg,angry,train
6129166887_91b6e90706_b.jpg,happy,train
3xk8U7bwmo6N8xe1TfqXxHV333CbC4457.jpg,happy,train
s9h3BIrMAwRgrU8LDwbElvAvcwcrcd116.jpg,angry,train
nsaravXbjQn3jBkBqbTFAk72SR1UtP199.jpg,sad,train
OyaMvidfjszM74xztUr4SwdPLyqcUh609.jpg,angry,train
bC5bbTAvOo29y2ApPRvRYMgB1PmNcK878.jpg,angry,train
FmfBJf2InwmopYOCoFFEwCjB5XoX1l543.jpg,angry,train
6817032113_165e14b468_b.jpg,relaxed,train
pLXNaU9whWJRj2nkI9Pd3qOCVfqQKS375.jpg,sad,train
qazajGGHPGW1DQ1S1dGpvaEUexkENa20.jpg,sad,train
5784170822_206d9e6d87_b.jpg,happy,train
sCCn1NKgdNszwZHxqbOh9yjCzT64pL69.jpg,sad,train
uVxfNtfPrLxpe0wkyRaVYlqkl7ooZT390.jpg,sad,train
6915387428_52c17ec090_b.jpg,relaxed,train
zKN82igZzVGjgFc0PffIgggyzLQUMY386.jpg,sad,train
5820257982_d420644fb3_b.jpg,happy,val
6627029867_54cbd22755_b.jpg,relaxed,train
43731141435_0865328c09_b.jpg,relaxed,train
6880897926_7ec52a47ac_b.jpg,happy,test
EY4edhN4qRVPiisIXn33Ie20xAkeF0625.jpg,sad,test
16667165295_6396abb83c_b.jpg,angry,test
bCjngCUbcfpIwdsDIHOfmcuYdp1RXB324.jpg,sad,train
z5WGO0AefIC8OITvH7mwiOQ71yhXEP338.jpg,sad,train
mZbzt56DBg0cF6mGJEuBA6wZH2wgnv993.jpg,angry,train
qXPzVuwf6GlLw57binPSLDt0MzIg7q477.jpg,angry,train
MvdLRAr0F48v5HXosS1Nd9rpa4hJZ5756.jpg,sad,train
9DdBMrzlZbAxhquR8iZvO0fA414qYA353.jpg,sad,train
NZ5iivP4n4nNbF4ut4Us5BLqPQkM9640.jpg,sad,train
8K9SdcGKtIXkzBSzLx5zRFwxYLwLuw998.jpg,happy,test
2D8jUt58l5H0Dqfbes9UA7EEghaB3X938.jpg,happy,train
17NQPAP6MB8ELjaVGdOUSPwBQdP44M640.jpg,sad,val
504289508_f54c9fbbce_b.jpg,relaxed,val
vhIPRQ1ft5SKWI0UQSOH6Q2xsBtq1I848.jpg,angry,train
IG6WNYtvnuTqG5Sp1bdEcPiHVrCEZq363.jpg,sad,train
cNXEDaKkIIc5FauFLg9ioD8Hz4iXS4336.jpg,angry,test
37948505141_62ca145368_b.jpg,relaxed,val
imQjD1UBMmynXWmBReXzHUnH5ttAoi383.jpg,sad,test
h3XlN1S7rBZIeAuR1nyEqEWtRbzLa4807.jpg,happy,test
5993988136_2667b00ea0_b.jpg,relaxed,test
y3gJ0TIVRzLc1C3dCoF2qYly36KEfQ4.jpg,sad,train
L67EH28ubKkljjkgFuvIWFkCJNMPYU563.jpg,sad,test
47535826002_acc69597c7_b.jpg,relaxed,train
38462293585_10970a1e51_b.jpg,relaxed,train
dCl2k9TnPpJbc2IqR8ymllozjQFBaC49.jpg,happy,train
8571065590_f12e56144a_b.jpg,relaxed,train
56UpTuGmYHwGdoJ37XaoQF9lAbFTX0576.jpg,happy,train
LjhmQzvTPHeTDeKzQmNLBwT3zIAoAA622.jpg,sad,test
Leypjn8ApsBc4EG7eO4WzBrbFrD8T4147.jpg,angry,val
26aBvOWVhZxMSoRVmSIrZaRxUl1674741.jpg,happy,val
YXm1yRBZHayakSo6LcwEnnHWWuMRDA156.jpg,sad,test
8275004139_1583d74835_b.jpg,relaxed,train
V1jbLTcrLFvWyEhT1G24G2KfZM9EDb524.jpg,sad,train
Q773fKybIo3dIU81lTIEEaw35ZSRBb331.jpg,angry,train
qCxTAVHSu2x9KOgSazbxQ3yseQ60ig138.jpg,sad,train
6777453349_611b98c4e2_b.jpg,happy,train
6186074839_ab91519f49_b.jpg,happy,test
8309004723_a754868503_b.jpg,happy,val
N47gvVC8Q2cFx282rKiZkiwjSDoPmM861.jpg,sad,val
92zXIN5qtBtteU0b7vJUAHXBLBprxo396.jpg,happy,train
WgtPxTErWUvcv7SWYFQnAoLbSmNthe847.jpg,sad,val
7249743396_31c926956b_b.jpg,happy,train
udkKt3GDsqJSAnDQKcfvRbUETZ1gNz531.jpg,sad,train
91925867_c01afc9d59_b.jpg,relaxed,train
APXjEfKnyCWslxInIeNVvCV4l1u8IZ703.jpg,happy,test
AI9XBay20Bdr43BpcQ5CLfvosKnv3S370.jpg,angry,test
DMADAZpWZTkEoZKa7iQzZzMcnP1lW1725.jpg,happy,train
2bTgz4J27gn7fzsSfJmH1qBrZk1L0G759.jpg,happy,train
Esc7t98qr7ul66xw3zgvIJ8QGFB8iz540.jpg,sad,train
9466110689_afb1bf7d9e_b.jpg,relaxed,test
W2GPlmr9vGsrZBJTSzsFfthUqt6kGB79.jpg,sad,train
XXN27VSvtmq29rEi7HCih24TVPnTcU542.jpg,angry,train
L7yAKtAUpgmFFL4p52JKKvxA7DrLN2767.jpg,happy,train
3n69bCitNSUAssFn1sKp04PUurB7oF268.jpg,sad,val
jzVOD5SyMgr8Idb0NiP1cBNNvDwAVD720.jpg,happy,train
43383599992_a26fc9ee38_b.jpg,relaxed,train
61bxpaxUsNxoe4lACCwEWOp2KmwOBK123.jpg,angry,test
sim2TUAzOLiQZkuMjFkz6DNGavrl9486.jpg,sad,test
6888023592_13a760f864_b.jpg,relaxed,train
dEh1CZbhLQPppzl0qT9Q8a0MNLyT1e829.jpg,sad,val
GozwJlSBpI8jdXjeYtyVMx2Bi7KwfK979.jpg,sad,val
DTpJgFAOWeCDGgcXU1PbXjvfdCvSio578.jpg,angry,train
6gXpX9sOFx5FPp8W29lde9rwdhr239280.jpg,angry,train
8508936268_9a74e0acd4_b.jpg,happy,train
8502124376_380b07b6bb_b.jpg,happy,train
bZiFPv1vXpdGGoC7sHhsHmA6eroVOe865.jpg,happy,train
o3HK2UyDkTpf2LhWyUuWFSqyx4gWZM727.jpg,angry,train
pOLowTI4qOC0d7kjKI2cMJBob6NCkW969.jpg,angry,test
DdesEaZTjWHZzyzcQfYo04mGN9zWiS285.jpg,happy,train
DjLk7Z9aL9NbaSwI7eFlkvWhE0SbrG519.jpg,sad,train
3894295218_daf123ffa4_b.jpg,relaxed,test
43352824480_4042ed8989_b.jpg,relaxed,train
IwXOktWTJoxWhGB4gsudHNbhVZV1l0869.jpg,angry,train
6175018371_0650ab684e_b.jpg,happy,train
46491041881_00c1337bec_b.jpg,relaxed,train
9377521768_0e5ab93c48_b.jpg,relaxed,test
D3OPpemWNjkrSmKLfRVREKxAyrZt5B55.jpg,happy,val
d0g8et2JQ4qSVzB9mmG7lWFK5RkBwW840.jpg,sad,test
rMv90hFpD0k6LfNrheiRIIfyFKryAK350.jpg,sad,val
3722699499_80163b859f_b.jpg,relaxed,train
9738964106_52c054e86e_b.jpg,sad,train
TIJWCyGzM82LVurygn57osgr1IkNp9420.jpg,sad,val
Az8c0gtQX6YEYkqr19XHE67PUVZqlZ662.jpg,sad,val
kPoCYU4iqUrjRb62qgOqBT7SXs5bTh460.jpg,angry,train
4861539954_ae01c35cfd_b.jpg,relaxed,train
7401271440_d14887507e_b.jpg,happy,train
2JRdOs8ES06LXCBdkloluZm48XtsL0853.jpg,sad,test
3671883235_12a21673aa_b.jpg,relaxed,train
xyds1Rc0qnwV57gO4NZ0AbJpewMRNi199.jpg,angry,train
WcaAat6DjcfdgdrbJ3DnFQeKXuH7jD578.jpg,sad,train
pmKpu8yX4eI3wqMIPzrqksQ4r3ZOYP631.jpg,angry,train
5361947128_26b69847d8_b.jpg,relaxed,train
q47KsrgR3uyffFuptQ3am1xBX7NloV676.jpg,sad,test
gN8H0TxtpQUW4DFMePdkn7mSEUzWe0488.jpg,happy,train
e8mjf8UbQJWmHqPV1RmoY5GeBcSWxa44.jpg,angry,test
BPFZNVGrEmzwNOipeQwIBJRGOduydK510.jpg,happy,test
J3YPWMakCqLdJVf8rxcTUCVJ49ygmT127.jpg,sad,train
8467563538_d855d83cd5_b.jpg,happy,val
43258085541_8dd93c32f9_b.jpg,relaxed,val
33250239628_e9774de419_b.jpg,relaxed,train
6577448473_cd64e7cc50_b.jpg,relaxed,train
h88j3PvVQcWzGszjhsVDAHAF88c6Tt479.jpg,happy,train
Qa5vVLW1NuQiv8CdnCTvwpP20Jxeec278.jpg,angry,train
ZisLNjjnjVUtFbOeURHZ3YRdJpT2Xd462.jpg,sad,train
52948138_5afe3d99b9_b.jpg,relaxed,train
7161646818_fd3f3ffcc4_b.jpg,relaxed,train
SNyLeCkvYVzs3ZzEc07ovogYRYDlPA584.jpg,sad,val
3283384222_1667d2506a_b.jpg,relaxed,train
4EK2bVuKiLHvVxyBRhfjUvxr3hP76J344.jpg,sad,val
lsWkXBN6DamXauVQzSs8tHvG4srXCx410.jpg,angry,val
IJURXimVCtnjGJCNA5uvt2J6lrU0aP205.jpg,happy,train
ePuKnWRJlnL6H8Ig1lSJMoi57NxUUa714.jpg,happy,train
0HoXZkzcWw11uchlckR5ZKMD8KSiQZ987.jpg,sad,test
e8fyjAqcdkUzTI5tNAUfaiK1hRbkzI957.jpg,sad,train
9YPxCPm9Kw7gteTkdWlEjLwoBmyaml102.jpg,angry,train
9379498058_83d501e423_b.jpg,happy,val
33660477005_137d1d4343_b.jpg,relaxed,train
7955516968_55e7f27eb9_b.jpg,happy,train
5637587096_ba2f5ecf52_b.jpg,relaxed,train
wwG30AwmF5aGnDP8eOsNknWykgNHqb521.jpg,sad,train
66zco0tDhdmoFE2KNmN9QarDfWHxc0538.jpg,sad,train
8665272343_4227e5d275_b.jpg,relaxed,train
QxQatKyDdOtCd3mnoadRsqOETFrCtB457.jpg,angry,val
gVPxlnFG3KgiIVNav6iCki1j38xbTN61.jpg,happy,val
KRYiFzpwbNtR07a8dkiCjCvHuRvlD6643.jpg,sad,train
6393595783_c36a00d9a5_b.jpg,relaxed,test
jSVx5da85zIz7dcxktCLB4sf0XhezE194.jpg,sad,train
bgAYjRoOPIrX6h3EyYlDajEp4XCohP381.jpg,angry,train
614NHj4eevcjGf9a7EVJZaNgxaQuOn611.jpg,happy,train
fz9SlF9Fcy82EddXMCwyGKSJ0gUXaN41.jpg,sad,train
p0lvnHE3V3rwedFR0m00AXDz0ry4t4857.jpg,angry,val
4294808991_3c044bd511_b.jpg,relaxed,train
8579998997_5da043522a_b.jpg,relaxed,train
32005769581_c0042faf32_b.jpg,relaxed,train
7p0wm7G6F4QUDYYEfg4PYeRFyBNSBc293.jpg,sad,train
BqHQlZI3ltU1SjDprHxaXNntuZghOo61.jpg,angry,train
1grAV2lSCby8Zs6LEIjm40pCfc1oUf880.jpg,sad,train
4993200586_bf95345533_b.jpg,relaxed,test
FAVmLtXy40OLaWyiLvYxqSu5CVJefC181.jpg,angry,train
uoUmOrRo8YyND0TJTV40Sk4AjDmVYI865.jpg,angry,train
IRsEuFLpIqmIaPbuvb1IpjC8e4hPeR737.jpg,angry,test
8758147259_248a6604bb_b.jpg,angry,val
fiMMgiuBvzMW77wGqjzGz7FGKmkZDW166.jpg,sad,val
bukhgwEhN5WyrC5FhjIAOA2CvLjujD419.jpg,angry,train
nHbctEj41WndJQw9FPtut2ohqhrhLk933.jpg,sad,train
wNuBOmcZxHsINScjAk8pd2vYyUBHzD595.jpg,angry,train
4849013751_89bd2452a2_b.jpg,relaxed,val
8483256558_b9a60b7da9_b.jpg,happy,train
ePnxyQhtavmCKvbLWYO2yPJH8SLdck902.jpg,happy,train
DcUKKUH35xAalp7cy125vrNfWz1O0w705.jpg,happy,test
wMsO48K2mDwBo6vfRAn4lKVmZAlG9w296.jpg,sad,train
drVDhbNzev3KHgEKHLVrRDMeswe2xG978.jpg,happy,train
vvNOMlMAlyqSk1C3nERlsyNi1TYKhh11.jpg,sad,test
6167875274_f0309ecd9b_b.jpg,happy,train
CIwfTzIrrWfd3Rv9RJnvVlJXFCVpiA100.jpg,happy,train
MFnl7R63nW2zRBYOvGXpfKjr6tYtEa992.jpg,sad,train
5523169702_8bf0581617_b.jpg,relaxed,train
rWt1BeYTxrAqxFP9IxMmd3DTLWsGx9530.jpg,sad,test
fpVd12pw27uDEQb4laXudtOUIe65eM313.jpg,happy,test
Xc0maqBxsa2XxVpTIrk8fEQ8CTcxI7966.jpg,angry,train
aFD5KInKvHEmN8nZutA4TcyhRwv5a5828.jpg,happy,train
4686288220_ff253e052b_b.jpg,relaxed,train
QA9CCG4draQ46I5nB0kDIUkXHG1MIk549.jpg,angry,train
0aNyXBrmNA7XdefwHvgO2n1rnpqQAp885.jpg,angry,train
4115252577_44c6162c81_b.jpg,relaxed,train
S6LMVe2le8hLy5gwHHEhnoZkmmZKZh964.jpg,angry,test
wXqQGEQYA3w8bkZYyWyqz2ZfUzeP4L899.jpg,sad,train
5Ze7cqoDEq8BFodB1mqqCKVx7JhzEb800.jpg,sad,test
bRD74kQTqIH22Gy467coYO8UQ1WvcV669.jpg,happy,val
DF7xUfQDO0AcZb1B2uKiI2xUCxZvIK495.jpg,sad,train
LuPnRTymnxMKvogT6nstIpfNsoHk6f810.jpg,sad,val
ltMPbLa3i1tu1gs6C9EalNy1W3Wf3T569.jpg,sad,test
Q8ZsjLx8NOIWGxsJEJ9EueKfApuXH6749.jpg,sad,train
7174502521_613916bb77_b.jpg,happy,train
TWrVjPUBmSfxIjw8kkyo2KV9syY12S561.jpg,sad,val
6099165242_bae95c171f_b.jpg,relaxed,val
9218175588_23d3ddc872_b.jpg,happy,test
iwarJUOj6XoYb8n8bYwpHaz0hCz4gj133.jpg,happy,train
6115971425_047540899e_b.jpg,happy,val
gtBYqrwzeVEzrRbKl8jvJvupehXhqO368.jpg,sad,train
vJChD2HWzhzZw7injp2aPiHvspEg5H670.jpg,sad,train
bLYgDPnmgFhErFM7m4cdjk9mzMAKDs957.jpg,happy,train
lISiXgDhST8v3SFv0XijevUijuBcrH520.jpg,sad,train
3424774565_d2b2c33829_b.jpg,relaxed,val
r0vC2p3BbUdKvKUzryiANcI3APVZCc238.jpg,angry,train
rl154vbbdVSqy4NjQ5TYMJNwk227Zw156.jpg,angry,train
6967648641_a85930d376_b.jpg,happy,val
sGETMPycXgZyo2lDXpiWS42JnSY6SC652.jpg,sad,train
G3TcsZK9mVs19udD7i6EWOlQkI1oZK170.jpg,angry,val
qn15HlNdy8PMqOBqVbATksEc8j37Kr912.jpg,angry,train
8457404346_1126dd072a_b.jpg,happy,val
8724466313_6769fdd040_b.jpg,happy,train
SPeLBUouGjsvjF7mwA3WDyiXGMAcdJ567.jpg,angry,train
Ky371r7QTOWrDyDngwgy6JeSV7YKSH602.jpg,sad,train
7069941205_ea90b48496_b.jpg,happy,train
fXT6aSw90AHKMNTpzLzxBZQ7PYCTnZ943.jpg,happy,train
2XArFisfLiSpKYAcge9YmC4c249CSL936.jpg,happy,train
7945804560_84e1e51b89_b.jpg,relaxed,train
7961724670_e337d28085_b.jpg,relaxed,test
7279695994_d3384be36d_b.jpg,happy,train
8167050305_413ac2a49a_b.jpg,happy,test
8237932229_ceaffa1a3f_b.jpg,happy,train
gNYDFRqKvQJqXisArQRHbWp5Mj6WrV303.jpg,sad,val
45687199_79835fbcc7_b.jpg,relaxed,train
GSqtERWBhL4aFvVhGW1ZKfuKjewCeG52.jpg,sad,val
8a2zDDiMlaXFuHDt9U3ie7qTKqGGsI209.jpg,happy,train
KPGLP96S1bVHLWRUA6O2ZatABBCOpd693.jpg,sad,train
3625775838_d56a3e7ac5_b.jpg,relaxed,train
9326808663_1da5b6509f_b.jpg,happy,train
CLc5CL5C1VhuuleF3hs5cUrVFjTx3t841.jpg,happy,val
7688305978_fcb39bef76_b.jpg,happy,val
WJrrXE4RcX66fJ7kPcZDQ3FMvKaXRW14.jpg,sad,train
ximeOHMSHiCn7UHRVFbJckUq3zFzlw117.jpg,sad,train
rLwqKgyuKpGnHS8aBJvqMojO7Qeib058.jpg,sad,train
buWT31aGxYXQUBP3O160hQUCOofmVD952.jpg,happy,train
5722297759_94d7613a82_b.jpg,happy,val
vgZizFdaWMIVOQ9aX96j0rMUYrAzep790.jpg,angry,train
8068563430_b013c7fe46_b.jpg,relaxed,train
9711484485_1da72b3519_b.jpg,sad,train
AN7wf1UnHMl0ehp1XRPLJHf7U5Fl00636.jpg,happy,test
7251947594_23457e8d4b_b.jpg,relaxed,test
8234762616_efd16e9a87_b.jpg,relaxed,test
7378256458_19f032f94f_b.jpg,relaxed,train
HRunkA8QSDAmiOxGaUNGwHJM60f1Mc135.jpg,happy,train
cJSWIku7Y1Oidz6KMPKeDvvHqdB7Co759.jpg,sad,train
hCayUvL70vIJAPx3c6H41MidQBMb6P321.jpg,sad,train
efuF5XwayrlqgUVIXtDAkDHKJce4xG629.jpg,happy,val
6345670181_9ca280d72f_b.jpg,happy,train
6972886170_57c56e4fa2_b.jpg,relaxed,test
5783750758_2ee0bcb59d_b.jpg,happy,test
mXeA2r4bgxQqsKd4JUc04eLs6807Yz934.jpg,angry,test
ExJNEBx21ofA4l9IZvkDs8vj1Ji4oS765.jpg,sad,train
cXnw1J9m3oSncwySz0rJxzmQQdF9RJ532.jpg,happy,train
8569825218_57d959df7f_b.jpg,relaxed,val
vBa47ZgZprXYO3BHJkJgpqNT1fRZc4951.jpg,sad,test
MkUOdTYzt3fgZspNZ3Po3kbmcyDMiv129.jpg,sad,train
6712927481_dd4b55361b_b.jpg,relaxed,train
fLSKkcqzqy899ygvPDjHmXXZoqmx7Y349.jpg,happy,train
31912295216_a645503ee7_b.jpg,relaxed,val
5zBh9BCN4OvXtY4582uHYJ2W4REKaV563.jpg,angry,val
5577617559_d58a3c7896_b.jpg,happy,test
nmFKWxmFbxfWTTcSo15KW64weQEDBj557.jpg,angry,train
HBEq6NUuTzcdwaDcIFSOiPso39pjRX466.jpg,sad,train
8521526248_439a95a93c_b.jpg,relaxed,test
XjkpIL8SwW7PNCHv7icWVkRzwDSIRZ671.jpg,angry,test
SCPRTNTWsYgPetoB0DWAPicgGS0rsF687.jpg,sad,test
8741421824_b620816518_b.jpg,happy,train
20sL4pAKjIUPz43t9KbpMuq7NwcNXY66.jpg,sad,test
RJy0dz9BcYbWp0sSb5lPBgfkBKnzmv604.jpg,sad,train
jvZaHDHx7jFMEyKIdqc1UzppksSQ9D14.jpg,happy,train
5682104586_1eb813b688_b.jpg,happy,train
CbMfWnR3E6JmP165gqxGZeZp1ONDU7246.jpg,angry,train
iEIn3H6PqVwh49ovXFOJ7SJD4WIoDv573.jpg,angry,test
9143892185_c4b20a872d_b.jpg,relaxed,test
xQOT0z1R07jAcfQlgx7X5iS6BsGgcY378.jpg,angry,test
iH8IIKDuOAAldjBz3lGCoOhKSQ4mXL394.jpg,angry,train
8692578507_f0420382e6_b.jpg,relaxed,train
uyoOO7LZqrUbkR1UVaMq7lN9F2d7uP429.jpg,sad,train
gjfH0VRNr2BV3xAVWX751KzK5S9zsQ552.jpg,sad,val
5634989123_11f4543a75_b.jpg,happy,test
8050347192_7d82362a99_b.jpg,relaxed,train
8758403742_b8873b06ab_b.jpg,happy,test
7828158082_9b85ca0cb8_b.jpg,relaxed,train
2g8zKcajchadcLVCJ7rR09Z3pdgvVb454.jpg,happy,train
9IDQzNlH8ScnBtZhu5dgU4Ed5xeS4k659.jpg,happy,test
8451784366_0469b473bf_b.jpg,relaxed,train
kDowVM7AkHzho2YOAghz6dLYEJEXBG356.jpg,happy,test
8241382795_cb957e6b55_b.jpg,relaxed,train
4069210556_516ed79c37_b.jpg,relaxed,test
Vnlz6eh512oYLF08YTSN7nUfpEBCXO532.jpg,angry,train
FDn2u2ynwm7TLrjhFN3dPohSJfw2IV982.jpg,happy,train
SCDnCyQWuLDnAub0UQyecx1h6kTcCA95.jpg,sad,test
5659091285_d6b0190b70_b.jpg,relaxed,test
m1aEvZvFv532D0f3lVFzuACuX7boTN343.jpg,angry,test
BbUMtW9By20xl3ZvrOq5NRY5fpnTQq284.jpg,sad,train
aWojdOfQ6CDYP2ScI8xGwKCJfcVETU337.jpg,sad,train
4FzICXbYwYLTkqex2iw0qq8njhF4TH623.jpg,sad,test
V5btrk6M5wdsTOSy5wea18MLmkobN8472.jpg,angry,val
jHkN9ewfRyclmrl2bgazrExhmbpyaT15.jpg,happy,test
bSzXjeZ221WIB8pkEbF3kygB1qLANt623.jpg,angry,train
4250392333_b1fcb3b20a_b.jpg,relaxed,test
ARzvLHuhbEZuTsM40O1OYhPaWta1Od606.jpg,sad,train
38583839485_db77c7a1b6_b.jpg,relaxed,train
99TXQ8Lue44tBCwMJgpTgacHtWfSyO290.jpg,sad,train
4770331039_d9ce32ef2b_b.jpg,relaxed,train
p1suTotMZfZekTEGobzodzgO2Mqf59720.jpg,sad,test
GXpKHCgqcli2NrA0gtbRyhn6Gt03YQ18.jpg,happy,train
HZzVxVgeJSghyioS8JiUOWdPJhWe5E959.jpg,angry,train
50606879101_671cb1e42d_b.jpg,relaxed,train
jDxhWHGaaQMiYLVQCzsbQcgY4xqWaI295.jpg,angry,val
dGYe2QGGZkeskSFKSUIb00pbPmg1rZ215.jpg,happy,train
ie7uKI6ss3qB80z7tNc9xpvY3wVXqh95.jpg,angry,test
7542366744_75fc087a24_b.jpg,relaxed,train
9263171213_2c822f964b_b.jpg,happy,train
6203326228_f69205e168_b.jpg,happy,train
bPJu5yXa9MOdF5Hb4XfySadllPNmHm432.jpg,sad,test
8963828318_f5d3b3f1ae_b.jpg,happy,train
8073480100_2f350b76d0_b.jpg,relaxed,train
35474821510_f143ebda0f_b.jpg,relaxed,train
616570941_d8c288b9a6_b.jpg,happy,train
7939076_2dd2ffe67f_b.jpg,happy,train
6924728804_7bdf784d4a_b.jpg,relaxed,val
3wyDlRUvrWqLEZ0gISgCWXRZFDg8L5332.jpg,angry,train
37381222776_a0fa733f4b_b.jpg,relaxed,train
6322473855_99fbef1fa7_b.jpg,happy,val
B4r2zbWVRo0XoQiNkAG8dXySdGWCEx665.jpg,sad,train
LVkN2kvRzF5DmF40ZbJ6QCgu551Ekj405.jpg,angry,train
I0wrJshDosLRXWYcwnE5xOaZOluKZi721.jpg,angry,test
45613652494_fd5ee759c4_b.jpg,relaxed,train
UlQiCF4BuQp9Ux8lJZpWQ16y8v35Gk854.jpg,angry,train
4671224876_7960d81b0b_b.jpg,relaxed,train
vdG65r7uTBUWliZLbvYyTfJGS9kmJm986.jpeg,angry,train
5875709182_27d787cedf_b.jpg,happy,train
xxqVaRUMPMKFhdxVo8ubDTVU96JfHj421.jpg,angry,train
goPaAqJ5a3Vfsu3X01Lk374e1eQmZC517.jpeg,angry,val
8434611302_12669d0015_b.jpg,relaxed,val
5095761820_2ffd55280f_b.jpg,relaxed,train
5557791447_cdd8bc47c0_b.jpg,happy,train
7034119135_372fce5df7_b.jpg,happy,train
nZa7aEm1bFyfXRgZzVlt7lqVesBNsr959.jpg,sad,test
KVFYMiKyA5Lq7Vvepw21gx3noGuFuE392.jpg,angry,train
I90FgvoZ2H8ojHoyyhCu3oaV5cX8cD274.jpg,sad,val
W3z0i5Li2uN8T6aSMVsTojfcB5VBiW572.jpg,angry,train
494846085_aa03891171_b.jpg,relaxed,train
46s0XCjaspKpHd8zI5yd0LsC7GDSnq264.jpg,happy,test
33565569203_ce634ea81a_b.jpg,relaxed,val
buDb5LNVaCUnMvJlwKc3Lm4yIn0JPJ925.jpg,angry,train
aiQ3pRIXkOeb3rWRcoIpbp5UlXwx4U363.jpg,angry,train
A2cXjDg9lcFO9HuTruZNgYB940PvM0337.jpg,happy,train
8476077221_ed26cf8da4_b.jpg,relaxed,train
5627836410_1e10b332a1_b.jpg,relaxed,train
Shk66ji9OHZvg29uWH32eRzGzM1UFJ150.jpg,angry,val
8CWAVi4YFl4IUu8FcD1xbgBuSTcpri22.jpg,happy,train
6092023888_b9f036dcd7_b.jpg,happy,train
7266155286_d2afbdf02e_b.jpg,relaxed,train
lxDKtSfH6N30lQ0N6exwiuXKbvRTyj342.jpg,sad,val
5579511692_41c3214d62_b.jpg,happy,test
9mhwiN1WdotG99utu0RdgyaP64vl2a252.jpg,sad,train
LVPREKbYozsk0MAy6no2o6rM4qH9aq275.jpg,sad,train
ADrmYzHX2AgmZ6xWL5MPAquix69Mbf191.jpg,happy,train
3272819709_c22a33b640_b.jpg,relaxed,train
CFJcD7vHgIr6Uw5Avfc5mIvF4v3itz574.jpg,sad,train
4642289546_9970d1b248_b.jpg,relaxed,train
2561055473_70f68081f4_b - Copy.jpg,angry,train
UzCOcuLjSDENF1EVg5Zcw30sBLbGXt447.jpg,angry,train
6886746697_ca29d2c3db_b.jpg,relaxed,train
N35sjnuhA2QIdI4L5a6v15NnLGANSh84.jpg,sad,train
8723763761_536c2efb01_b.jpg,happy,val
6bTBUCpBfGirjZCeLuqxajPP9Qxezq396.jpg,sad,train
809392075_bc2df1668e_b.jpg,happy,train
4029502207_a44c8b3715_b.jpg,relaxed,test
7892328432_bacf7753e0_b.jpg,happy,test
2mHGLm7zpIaqy5EH6C0subbBOwuYem766.jpg,sad,train
7260799396_4a8a480e15_b.jpg,relaxed,train
KmuSsgTTYK5FJ0s49P3Qfc0bWaP5KO628.jpg,sad,val
8797607_f5797b81b4_b.jpg,relaxed,train
36369544774_f1d988f48f_b.jpg,relaxed,test
DE2GS5HdI9v2OarSFq1YOWgKc73gRx548.jpg,angry,train
37357050315_547a2440f5_b.jpg,relaxed,train
51757799566_ab823d890d_b.jpg,relaxed,train
OrnpLRVAaVlopDPBkoxTY7O2UOlmvC894.jpg,angry,train
5542536233_904bc5747e_b.jpg,relaxed,train
7188510454_4519cd63de_b.jpg,happy,train
44242591962_14c7c5db0a_b.jpg,relaxed,test
9631697606_cdd740d872_b.jpg,relaxed,train
375962572_64c8cceadd_b.jpg,relaxed,train
qikuWbZx8GlzypBdc2m29YtlKXpHkZ580.jpg,angry,train
OX7dpgs5fS0J8eIlaw0Go506EnGnfU862.jpg,sad,train
dTIAnPncomgF7IXhwCIZi0koDL1Cfb845.jpg,sad,train
9303010282_5638b196b8_b.jpg,happy,val
9563515249_0c064192ec_b.jpg,relaxed,train
6LMDmHxK2Ag55dScEYtac4WFeqkRsM353.jpg,happy,train
ryenCG5t5sxcOVJxIEguvG32oVYoQe142.jpg,sad,test
kiyJIYIxs0HB3gP2c7mhQPbz5NwT01244.jpg,happy,val
NKXrJtaKsScZPGz2sp5aOoGQVLD4Fa440.jpg,angry,val
YAGicwbRbyOEWY5kl1qLRCq6Kxie3w186.jpg,sad,test
8273144645_8c3088ea15_b.jpg,relaxed,train
6FJANWlbGLt0XCx20ve17RUnUZeW6S590.jpg,sad,val
BHPiTPvpl3AIfRmwblH9QX9BnIIae8425.jpg,angry,val
hgVHdl6fQ8t3ftiEsnQAtZmPqOsT48732.jpg,happy,train
35AvBz7mbnTW4Sh2MzNuGgR69nnaRV653.jpg,happy,train
8356903864_5550c71421_b.jpg,relaxed,train
opmAozwKhbBc5IB9Gim4u2FNppvaPd882.jpg,sad,train
36700736434_c4b849d85e_b.jpg,relaxed,train
vRg0cofkFTNBtnNNn6Ar7agflE8geW736.jpg,sad,train
6891382441_412c9d9c17_b.jpg,relaxed,train
5910350721_8abc26d691_b.jpg,happy,train
Lj4JfW9DvD9vB8UhKBXv6QewVeHvCX585.jpg,angry,test
Rq2zSR1OjAgqClYSU2KwiC60dRG2f268.jpg,sad,train
0BntC5Yeh254FCqZO9f7Rd88myxmm5172.jpg,sad,train
tvUXDVEAt56oSaX0mi3SkPsKiZ2HMO210.jpg,angry,train
4861086002_c08386e28e_b.jpg,relaxed,train
1aHBBQ71qEibU3fl15oivhwKxhiF6C302.jpg,angry,test
JjIgydCtBN4qMsPOASuIyEQsDds0QC984.jpg,sad,test
KxJKfof24pIpxsF3JmLjp4IoSHeQks652.jpg,angry,train
6357381499_c06e003339_b.jpg,happy,test
4990163836_0c27015dbe_b.jpg,relaxed,train
2ajEK1akISq6AyEMp5LaVnZtylCRCA156.jpg,happy,test
6768209699_0033200192_b.jpg,happy,train
5525295090_06e4c58005_b.jpg,relaxed,train
9249915702_84025321cc_b.jpg,relaxed,test
msgJhaADqsELcelNmxMphIhia8jDip698.jpg,sad,test
9153105676_d9326b86d1_b.jpg,happy,test
536023503_f211a4a078_b.jpg,relaxed,train
uTUc6wnNkDQr0wKcHQMyaTwIMcPiGL484.jpg,angry,train
JfeVpMEM3Nz60YY18FBySwmVSYXdju238.jpg,sad,train
d9IrdjGvwyGsK5eX7f8sW8Bgtx6Ft8379.jpg,happy,train
8npDb0wmbM4M3hdXavCWLgDXcQFGJ2160.jpg,angry,train
VCL66S8uZsr0epsJV3GdFS0N0w1PS4906.jpg,sad,train
0Z1kvjl1hDQNhG5KcpfpS3IESqlhca525.jpg,sad,train
D0hl6RqPUaEbh3NOMQiKgCiKI4w1vb638.jpg,sad,train
lIrf8hsi6dfyFNkcrmn5W9c1SWmBjD785.jpg,sad,train
40174542641_2b5dd78007_b.jpg,relaxed,train
8733131885_f90f0d41cf_b.jpg,happy,train
GJNK8r24EGy5KX3BqD7KJGUuD1ptzu833.jpg,angry,train
6860675857_1c67d50a5f_b.jpg,happy,train
lAWXeDtMiCaSBRzlsyr7s2fJEaY1bI39.jpg,angry,train
4171445028_c5ea6505ba_b.jpg,relaxed,train
BrRsATilqjZj2lF3u3S0OcDwwrsCXr202.jpg,happy,train
aGAHZj4YSvLEBJ5eGRKTDkCf7vizLQ816.jpg,sad,train
WGYDPJFZhXCIk8vDLUBTYl3wqEnZ8K387.jpg,sad,train
5TwsL07giF0CYBladvu4Op680SE049795.jpg,happy,train
6100437547_1882ae40d6_b.jpg,happy,val
7181069325_b6a80efc7d_b.jpg,happy,test
xgggLB2bMpT38pz8c6hIq6hyIJE0xY26.jpg,angry,test
ner43UgCeyU7Xd95CA9F3muKRhWj1S415.jpg,sad,train
d3kuUUv4VT15MHX8JyuZ7pTGHqBYit889.jpg,sad,train
